set,day_no,day_title,sort_order,headword,word_type,meaning_ko,meanings
intermediate,1,,1,progress,headword,"진보, 발전; 진전, 진행; 전진; 진보하다, 발전하다; 전진하다","진보, 발전; 진전, 진행; 전진; 진보하다, 발전하다; 전진하다"
intermediate,1,,2,progressive,derived,진보적인; 점진적인,진보[혁신]적인; 점진적인
intermediate,1,,3,propose,headword,제안하다; 제시하다; 청혼하다,제안하다; (이론 등을) 제시하다; 청혼하다
intermediate,1,,4,proposal,derived,제안; 신청; 청혼,제안; 신청; 청혼
intermediate,1,,5,produce,headword,생산하다; 농산물,생산[제조]하다; 농산물
intermediate,1,,6,producer,derived,"생산자, 제작자","생산자, 제작자"
intermediate,1,,7,product,derived,"생산품, 제품","생산품, 제품"
intermediate,1,,8,production,derived,"생산, 제조","생산, 제조"
intermediate,1,,9,productive,derived,"생산적인, 결실이 많은; 비옥한","생산적인, 결실이 많은; 비옥한"
intermediate,1,,10,protect,headword,"보호하다, 막다, 지키다","보호하다, 막다, 지키다"
intermediate,1,,11,protection,derived,보호; 방어물,보호; 방어물
intermediate,1,,12,protective,derived,보호하는,보호[방어]하는
intermediate,1,,13,profile,headword,"윤곽, 옆얼굴; 인물 소개, 프로필; 개요","(얼굴의) 윤곽, 옆얼굴; 인물 소개, 프로필; 개요"
intermediate,1,,14,purchase,headword,"구매하다, 구입하다; 구매, 구입","구매하다, 구입하다; 구매, 구입"
intermediate,1,,15,predict,headword,"예언하다, 예측하다","예언하다, 예측[예상]하다"
intermediate,1,,16,prediction,derived,"예언, 예측","예언, 예측"
intermediate,1,,17,predictable,derived,"예측 가능한, 뻔한","예측 가능한, 뻔한"
intermediate,1,,18,precaution,headword,"조심, 경계; 예방책","조심, 경계; 예방책"
intermediate,1,,19,premature,headword,"시기상조의, 조급한; 너무 이른, 조기의","시기상조의, 조급한; 너무 이른, 조기의"
intermediate,1,,20,preview,headword,"미리 보기, 사전 검토; 시사, 시연; 예고편; 보다","미리 보기, 사전 검토; (극, 영화 등의) 시사(회), 시연; 예고편; (시사, 시연 따위를) 보다[보여주다]"
intermediate,1,,21,income,headword,"소득, 수입","소득, 수입"
intermediate,1,,22,intake,headword,섭취,섭취(량)
intermediate,1,,23,infection,headword,감염; 오염,감염; 오염
intermediate,1,,24,infect,derived,감염시키다; 오염시키다,감염시키다; 오염시키다
intermediate,1,,25,infectious,derived,전염성의; 남에게 옮기 쉬운,"(병이) 전염성의; (감정, 습관이) 남에게 옮기 쉬운"
intermediate,1,,26,insight,headword,통찰력,통찰력
intermediate,1,,27,inherent,headword,"내재된, 고유의","내재된, 고유의"
intermediate,1,,28,inherently,derived,본질적으로,본질적으로
intermediate,1,,29,investment,headword,"투자, 투자 자금","투자, 투자 자금"
intermediate,1,,30,invest,derived,투자하다,투자하다
intermediate,1,,31,investigate,headword,수사하다; 조사하다,수사[조사]하다; 조사[연구]하다
intermediate,1,,32,investigation,derived,수사; 조사,수사[조사]; 조사[연구]
intermediate,1,,33,investigator,derived,수사관,수사관
intermediate,1,,34,illustrate,headword,설명하다; 삽화를 넣다,설명하다; 삽화를 넣다
intermediate,1,,35,illustration,derived,삽화; 예시,삽화; 예시
intermediate,1,,36,outcome,headword,"결과, 성과","결과, 성과"
intermediate,1,,37,outline,headword,"개요; 윤곽, 외형; 개요를 서술하다; 윤곽을 보여주다","개요; 윤곽, 외형; 개요를 서술하다; 윤곽을 보여주다[나타내다]"
intermediate,1,,38,outstanding,headword,"뛰어난, 아주 훌륭한, 두드러진","뛰어난, 아주 훌륭한, 두드러진"
intermediate,1,,39,outbreak,headword,"발생, 발발","발생, 발발"
intermediate,1,,40,outlet,headword,"배출구, 표출 방법; 상점, 아웃렛; 콘센트","(액체, 기체, 감정 등의) 배출구, 표출 방법; 상점, 아웃렛; 콘센트"
intermediate,1,,41,utter,headword,"완전한, 전적인; 말하다; 내다","완전한, 전적인; 말하다; (소리 등을) 내다"
intermediate,1,,42,utterly,derived,"완전히, 철저히","완전히, 철저히"
intermediate,1,,43,utterance,derived,"말, 언급된 것; 말하는 행동, 발화, 발성","(입 밖으로 낸) 말, 언급된 것; 말하는 행동, 발화, 발성"
intermediate,1,,44,utmost,headword,"최대의, 극도의","최대의, 극도의"
intermediate,2,,1,recall,headword,"기억해내다, 회상하다; 상기시키다; 회수하다; 기억; 소환, 회수","기억해내다, 회상[상기]하다; 상기시키다; 회수[리콜]하다; 기억; 소환, 회수"
intermediate,2,,2,record,headword,"기록; 음반; 기록하다; 녹음하다, 녹화하다","기록; 음반; 기록하다; 녹음하다, 녹화하다"
intermediate,2,,3,recover,headword,"회복하다; 되찾다, 회수하다","(건강, 기능 등을) 회복하다; 되찾다, 회수하다"
intermediate,2,,4,recovery,derived,"회복; 되찾기, 회수","회복; 되찾기, 회수"
intermediate,2,,5,recycle,headword,"재활용하다, 재생하다","재활용하다, 재생하다"
intermediate,2,,6,recycling,derived,재활용,재활용
intermediate,2,,7,research,headword,"연구, 조사; 연구하다","연구, 조사; 연구[조사]하다"
intermediate,2,,8,researcher,derived,연구원,연구원
intermediate,2,,9,replace,headword,"대신하다, 대체하다; 바꾸다, 교체하다","대신하다, 대체하다; 바꾸다, 교체하다"
intermediate,2,,10,replacement,derived,"교체, 교환; 후임자","교체, 교환(물); 후임자"
intermediate,2,,11,reproduce,headword,"생식하다; 복제하다; 재생하다, 다시 만들어내다","생식[번식]하다; 복제[복사]하다; 재생[재현]하다, 다시 만들어내다"
intermediate,2,,12,reproduction,derived,"생식, 번식; 복제; 재생, 재현","생식, 번식; 복제(품); 재생, 재현"
intermediate,2,,13,reproductive,derived,생식의,생식[번식]의
intermediate,2,,14,reveal,headword,"드러내다, 밝히다, 폭로하다","드러내다, 밝히다, 폭로하다"
intermediate,2,,15,revenue,headword,"수익, 수입; 세입","수익, 수입; 세입"
intermediate,2,,16,revive,headword,"소생시키다; 소생하다; 되살아나게 하다; 재공연하다, 재상연하다","소생[회복]시키다; 소생[회복]하다; (유행, 기억 등이) 되살아나게 하다; 재공연하다, 재상연[재상영]하다"
intermediate,2,,17,revival,derived,"회복, 부활, 되살아남; 재공연, 재상연","회복, 부활, 되살아남; 재공연, 재상연[재상영]"
intermediate,2,,18,remove,headword,"제거하다; 옮기다, 이전시키다","제거하다; 옮기다, 이전[이동]시키다"
intermediate,2,,19,removal,derived,"제거; 이전, 이동","제거; 이전, 이동"
intermediate,2,,20,retire,headword,은퇴하다; 은퇴시키다,은퇴[퇴직]하다; 은퇴[퇴직]시키다
intermediate,2,,21,retirement,derived,"은퇴, 퇴직","은퇴, 퇴직"
intermediate,2,,22,remain,headword,"여전히 ...인 상태이다; 머무르다, 체류하다; 남아 있다, 남다","여전히 ...인 상태이다; 머무르다, 체류하다; 남아 있다, 남다"
intermediate,2,,23,remainder,derived,"나머지, 잔여","나머지, 잔여 (부분)"
intermediate,2,,24,remains,derived,"남은 것; 유적, 유물","남은 것; 유적, 유물"
intermediate,2,,25,represent,headword,"대변하다, 대표하다; 나타내다, 상징하다","대변하다, 대표하다; 나타내다, 상징하다"
intermediate,2,,26,representation,derived,"표시, 표현; 대리, 대변, 대표","표시, 표현; 대리, 대변, 대표"
intermediate,2,,27,representative,derived,대표자; 대표하는,대표자; (미국의) 하원의원; 대표하는
intermediate,2,,28,depress,headword,"낙담시키다, 우울하게 하다; 불경기로 만들다","낙담시키다, 우울하게 하다; 불경기로 만들다"
intermediate,2,,29,depression,derived,"우울; 불경기, 불황","우울; 불경기, 불황"
intermediate,2,,30,depressed,derived,"우울한, 낙담한; 불경기의, 불황의","우울한, 낙담한; 불경기의, 불황의"
intermediate,2,,31,depart,headword,"떠나다, 출발하다","떠나다, 출발하다"
intermediate,2,,32,departure,derived,"떠남, 출발","떠남, 출발"
intermediate,2,,33,derive,headword,"이끌어내다, 얻다; ...에서 유래하다, 파생되다","이끌어내다, 얻다; ...에서 유래하다, 파생되다"
intermediate,2,,34,derived,derived,"파생된, 유래된","파생된, 유래된"
intermediate,2,,35,detect,headword,"발견하다, 알아내다","발견[감지]하다, 알아내다"
intermediate,2,,36,detection,derived,"발견, 감지","발견, 감지"
intermediate,2,,37,detective,derived,"탐정, 형사","탐정, 형사"
intermediate,2,,38,detach,headword,"분리하다, 떼어내다","분리하다, 떼어내다"
intermediate,2,,39,detachment,derived,"분리, 이탈; 파견","분리, 이탈; 파견 (부대)"
intermediate,2,,40,develop,headword,"발전하다, 성장하다; 개발하다","발전[발달]하다, 성장하다; 개발하다"
intermediate,2,,41,development,derived,"발달, 성장; 개발","발달, 성장; 개발"
intermediate,2,,42,declare,headword,선언하다; 신고하다,선언[발표]하다; (세관 등에) 신고하다
intermediate,2,,43,declaration,derived,"선언, 발표; 신고","선언(문), 발표; 신고"
intermediate,2,,44,debate,headword,"토론, 논쟁; 토론하다; 숙고하다, 검토하다","토론, 논쟁; 토론[논쟁]하다; 숙고하다, 검토하다"
intermediate,2,,45,demonstrate,headword,"입증하다, 설명하다; 보여주다; 시위하다","입증[증명]하다, 설명하다; (행동으로) 보여주다; 시위하다"
intermediate,2,,46,demonstration,derived,"입증, 설명","입증, 설명"
intermediate,2,,47,depict,headword,그리다; 묘사하다,(그림으로) 그리다; 묘사하다
intermediate,2,,48,depiction,derived,"묘사, 서술","묘사, 서술"
intermediate,2,,49,depictive,derived,묘사적인,묘사적인
intermediate,3,,1,forehead,headword,이마,이마
intermediate,3,,2,forefather,headword,"선조, 조상","선조, 조상"
intermediate,3,,3,foresee,headword,예견하다,예견[예지]하다
intermediate,3,,4,foreseeable,derived,예견할 수 있는,예견할 수 있는
intermediate,3,,5,foremost,headword,"가장 중요한, 최고의; 선두의, 맨 앞의","가장 중요한, 최고의; 선두의, 맨 앞[먼저]의"
intermediate,3,,6,former,headword,"이전의, 예전의; 앞의, 전자의","이전의, 예전의; (둘 중에서) 앞의, 전자의"
intermediate,3,,7,overcome,headword,"극복하다, 이겨내다; 이기다","(곤란, 장애 등을) 극복하다, 이겨내다; (남을) 이기다"
intermediate,3,,8,overlook,headword,"간과하다, 못 보고 넘어가다; 눈감아 주다; ...을 내려다보다","간과하다, 못 보고 넘어가다; 눈감아 주다; (건물 등이) ...을 내려다보다"
intermediate,3,,9,overseas,headword,"해외로, 해외에; 해외에 있는, 외국의","해외로, 해외에(서); 해외에 있는, 외국의"
intermediate,3,,10,overwhelm,headword,"압도하다; 당황하게 하다, 어쩔 줄 모르게 하다","압도하다; 당황하게 하다, 어쩔 줄 모르게 하다"
intermediate,3,,11,overwhelming,derived,압도적인,압도적인
intermediate,3,,12,overwhelmed,derived,압도된,압도된
intermediate,3,,13,overall,headword,전반적인; 전반적으로,전반적인; 전반적으로
intermediate,3,,14,overhead,headword,"머리 위에, 높이; 머리 위의, 머리 위를 지나는","머리 위에, (하늘) 높이; 머리 위의, 머리 위를 지나는"
intermediate,3,,15,overtake,headword,"능가하다; 추월하다, 따라잡다; 덮치다, 압도하다","(생산, 득점 등에서) 능가하다; 추월하다, 따라잡다; (재난, 감정 등이) 덮치다, 압도하다"
intermediate,3,,16,overlap,headword,"겹치다, 포개지다; 중복되다, 부분적으로 일치하다; 겹침, 중복","겹치다, 포개지다; 중복되다, 부분적으로 일치하다; 겹침, 중복"
intermediate,3,,17,overflow,headword,넘치다; 넘침; 초과,"넘치다, 범람하다; ...로 넘쳐나다; 넘침, 범람; 과잉, 초과"
intermediate,3,,18,extraordinary,headword,"이상한; 비범한, 대단한","이상한; 비범한, 대단한"
intermediate,3,,19,extracurricular,headword,"정규 교과 과정 이외의, 과외의","정규 교과 과정 이외의, (클럽 활동 등) 과외의"
intermediate,3,,20,extraterrestrial,headword,"지구 밖의, 외계의; 외계인, 우주인","지구 밖의, 외계의; 외계인, 우주인"
intermediate,3,,21,extrovert,headword,외향적인 사람,외향적인 사람
intermediate,3,,22,extroverted,derived,"외향적인, 외향성의","외향적인, 외향성의"
intermediate,3,,23,external,headword,"외부의, 밖의","외부의, 밖의"
intermediate,3,,24,externally,derived,"외부적으로, 외부에서","외부적으로, 외부에서"
intermediate,3,,25,externalize,derived,표면화하다,표면화하다
intermediate,3,,26,externality,derived,외부적 성질; 외부 효과,외부적 성질; 외부 효과
intermediate,3,,27,undergo,headword,"겪다, 경험하다","(변화, 곤란함 등을) 겪다, 경험하다"
intermediate,3,,28,undertake,headword,"맡다, ...의 책임을 지다; 착수하다; 약속하다","(떠)맡다, ...의 책임을 지다; 착수하다; (...하겠다고) 약속하다"
intermediate,3,,29,undergraduate,headword,"대학생, 학부생","대학생(의), 학부생(의)"
intermediate,3,,30,underlying,headword,"근본적인, 근원적인","근본적인, 근원적인"
intermediate,3,,31,underlie,derived,"...의 기저를 이루다, 기본이 되다","...의 기저를 이루다, 기본이 되다"
intermediate,4,,1,international,headword,"국제적인, 국가 간의","국제적인, 국가 간의"
intermediate,4,,2,interpret,headword,"통역하다; 이해하다, 파악하다; 연주하다","통역하다; (...의 의미로) 이해[해석]하다, 파악하다; (자기 해석에 따라) 연주[연기]하다"
intermediate,4,,3,interpretation,derived,"해석, 설명","해석, 설명"
intermediate,4,,4,interpreter,derived,통역관,통역관
intermediate,4,,5,interval,headword,간격; 중간 휴식 시간,"(장소, 시간의) 간격; (연극‧공연 등의) 중간 휴식 시간"
intermediate,4,,6,interfere,headword,간섭하다; 방해하다,간섭하다; 방해하다
intermediate,4,,7,interference,derived,"간섭, 방해","간섭, 방해"
intermediate,4,,8,interaction,headword,"상호 작용, 상호 영향","상호 작용, 상호 영향"
intermediate,4,,9,interact,derived,"상호 작용하다, 서로 영향을 주다","상호 작용하다, 서로 영향을 주다"
intermediate,4,,10,interactive,derived,"상호 작용하는, 쌍방향의","상호 작용하는, 쌍방향의"
intermediate,4,,11,transfer,headword,"이동시키다, 옮기다, 전달하다; 전근하다; 갈아타다; 전송하다; 이동, 전달; 전근, 전학; 갈아타기; 전송","이동시키다, 옮기다, 전달하다; 전근[전학]하다; 갈아타다; (파일, 데이터 등을) 전송하다; 이동, 전달; 전근, 전학; 갈아타기; (파일) 전송"
intermediate,4,,12,transform,headword,변형시키다,변형[변화]시키다
intermediate,4,,13,transformation,derived,"변형, 변화","변형, 변화"
intermediate,4,,14,transformative,derived,"변화시키는, 변화시키는 힘이 있는","변화시키는, 변화시키는 힘이 있는"
intermediate,4,,15,transplant,headword,옮겨 심다; 이식하다; 이식,"옮겨 심다; (기관, 조직 등을) 이식하다; 이식(수술)"
intermediate,4,,16,transplantation,derived,이식,이식
intermediate,4,,17,expand,headword,"커지다, 팽창하다; 넓히다, 확대시키다","커지다, 팽창하다; 넓히다, 확대[팽창]시키다; (사업, 조직 등을) 확장[확대]하다"
intermediate,4,,18,expansion,derived,팽창; 확장,팽창; 확장
intermediate,4,,19,explore,headword,"탐험하다; 탐구하다, 연구하다","탐험하다; 탐구하다, 연구하다"
intermediate,4,,20,explorer,derived,"탐험가, 답사자","탐험가, 답사자"
intermediate,4,,21,exploration,derived,"탐험, 답사","탐험, 답사"
intermediate,4,,22,explain,headword,"설명하다, 해명하다","설명하다, 해명하다"
intermediate,4,,23,explanation,derived,"설명, 해명","설명, 해명"
intermediate,4,,24,explicit,headword,"분명한, 명백한, 뚜렷한; 노골적인, 숨김없는","분명한, 명백한, 뚜렷한; 노골적인, 숨김없는"
intermediate,4,,25,explicitly,derived,명백하게,명백하게
intermediate,4,,26,exhaust,headword,"지치게 하다; 다 써 버리다, 고갈시키다; 배기가스","지치게 하다; 다 써 버리다, 고갈시키다; (자동차 등의) 배기가스"
intermediate,4,,27,exhausted,derived,"기진맥진한; 다 써 버린, 소모된, 고갈된","기진맥진한; 다 써 버린, 소모된, 고갈된"
intermediate,4,,28,exhaustion,derived,"기진맥진; 소모, 고갈","기진맥진; 소모, 고갈"
intermediate,4,,29,expose,headword,노출시키다; 드러내다; 폭로하다,"(햇볕, 위험, 특정 환경 등에) 노출시키다; (가려진 것을) 드러내다; 폭로하다"
intermediate,4,,30,exposure,derived,"노출; 폭로, 탄로","노출; 폭로, 탄로"
intermediate,4,,31,exposition,derived,"설명, 해설; 전시회","설명, 해설; 전시[박람]회"
intermediate,4,,32,examine,headword,조사하다; 시험하다; 진찰하다,조사[검사]하다; 시험하다; 진찰하다
intermediate,4,,33,examination,derived,"조사, 검사; 시험","조사, 검사; 시험"
intermediate,4,,34,exaggerate,headword,"과장하다, 과장해서 말하다","과장하다, 과장해서 말하다"
intermediate,4,,35,exaggeration,derived,과장,과장
intermediate,4,,36,exchange,headword,"교환, 주고받기; 환전; 교환하다","교환, 주고받기; 환전; 교환하다"
intermediate,4,,37,escape,headword,"도망치다, 탈출하다; 벗어나다; 도망, 탈출; 도피","도망치다, 탈출하다; 벗어나다; 도망, 탈출; 도피"
intermediate,4,,38,evaporate,headword,증발하다; 증발시키다,증발하다; 증발시키다
intermediate,4,,39,evaporation,derived,증발; 발산,증발; 발산
intermediate,4,,40,dialogue(dialog),headword,"대화, 문답, 회화","대화, 문답, 회화"
intermediate,4,,41,dialect,headword,"방언, 사투리","방언, 사투리"
intermediate,4,,42,diameter,headword,"지름, 직경","지름, 직경"
intermediate,4,,43,mistake,headword,"실수, 잘못; 오해하다, 잘못 판단하다","실수, 잘못; 오해하다, 잘못 판단하다"
intermediate,4,,44,mistakenly,derived,"실수로, 틀리게","실수로, 틀리게"
intermediate,4,,45,misleading,headword,"오도하는, 오해의 소지가 있는","오도하는, 오해의 소지가 있는"
intermediate,4,,46,mislead,derived,"잘못 인도하다; 속이다, 오해하게 하다","잘못 인도하다; 속이다, 오해하게 하다"
intermediate,4,,47,misfortune,headword,"불운, 불행, 역경","불운, 불행, 역경"
intermediate,5,,1,uneasy,headword,"불안한, 걱정스러운; 편치 않은, 불편한","불안한, 걱정스러운; 편치 않은, 불편한"
intermediate,5,,2,ease,derived,"편안함, 안락함; 쉬움, 용이함; 편하게 하다; 완화하다","편안함, 안락함; 쉬움, 용이함; 편하게 하다; 완화하다"
intermediate,5,,3,unfair,headword,"불공평한, 부당한","불공평한, 부당한"
intermediate,5,,4,unfairness,derived,"불공평함, 편파적임","불공평함, 편파적임"
intermediate,5,,5,unfortunate,headword,"불운한, 불행한; 유감스러운","불운한, 불행한; 유감스러운"
intermediate,5,,6,unfortunately,derived,불행하게도,불행하게도
intermediate,5,,7,unlikely,headword,"...할 것 같지 않은, 가망 없는","...할 것 같지 않은, 가망 없는"
intermediate,5,,8,unusual,headword,"보통이 아닌, 흔치 않은; 유별난, 색다른","보통이 아닌, 흔치 않은; 유별난, 색다른"
intermediate,5,,9,unusually,derived,"평소와 다르게, 특이하게; 몹시, 대단히","평소와 다르게, 특이하게; 몹시, 대단히"
intermediate,5,,10,unknown,headword,"알려지지 않은; 무명의, 이름이 없는; 미지의 것","알려지지 않은; 무명의, 이름이 없는; 미지의 것"
intermediate,5,,11,unbearable,headword,"참을 수 없는, 견딜 수 없는","참을 수 없는, 견딜 수 없는"
intermediate,5,,12,unlock,headword,열다,"(문, 상자 등 잠긴 것을) 열다"
intermediate,5,,13,disagree,headword,다르다; 동의하지 않다; 내용이 일치하지 않다,"(...와) (의견이) 다르다; (...에) 동의하지 않다; (결과, 수치, 진술 등의) 내용이 일치하지 않다"
intermediate,5,,14,disagreement,derived,"의견 차이, 논쟁; 불일치","의견 차이, 논쟁; (수치, 진술 등의) 불일치"
intermediate,5,,15,disagreeable,derived,"불쾌한, 싫은","불쾌한, 싫은"
intermediate,5,,16,disorder,headword,"무질서, 혼란; 이상, 장애","무질서, 혼란; (심신의) 이상, 장애"
intermediate,5,,17,disappear,headword,"사라지다, 안 보이다; 없어지다, 소멸하다","(시야에서) 사라지다, 안 보이다; (존재가) 없어지다, 소멸하다"
intermediate,5,,18,disappearance,derived,"사라짐, 소멸; 실종","사라짐, 소멸; 실종"
intermediate,5,,19,discount,headword,할인; 할인하다; 중요하지 않게 생각하다,할인; 할인하다; 중요하지 않게 생각하다
intermediate,5,,20,discourage,headword,"그만두게 하다, 단념시키다; 낙담시키다, 용기를 잃게 하다","그만두게 하다, 단념시키다; 낙담시키다, 용기를 잃게 하다"
intermediate,5,,21,discouraged,derived,"낙담한, 의기소침한","낙담한, 의기소침한"
intermediate,5,,22,dismiss,headword,"묵살하다; 해고하다, 내쫓다; 해산시키다","(의견, 생각 등을) 묵살[일축]하다; 해고하다, 내쫓다; (모임 등을) 해산시키다"
intermediate,5,,23,dismissal,derived,"해고, 퇴학; 해산","해고, 퇴학; 해산"
intermediate,5,,24,dispose,headword,"배치하다; 처분하다, 없애다; 처리하다; 경향을 갖게 하다","(물건, 군대 등을) 배치[배열]하다; (...을) 처분하다, 없애다; (문제 등을) 처리[해결]하다; 경향을 갖게 하다"
intermediate,5,,25,disposal,derived,"처리, 처분, 폐기","처리, 처분, 폐기"
intermediate,5,,26,disposable,derived,일회용,일회용(의)
intermediate,5,,27,disposition,derived,"기질; 배치, 배열","(사람의) 기질; 배치, 배열"
intermediate,5,,28,display,headword,"전시하다; 보이다, 표현하다; 표시하다; 전시, 진열; 보이기, 표현; 디스플레이, 영상 출력 장치","전시[진열]하다; (감정 등을) 보이다, 표현하다; (정보 등을 화면에) 표시하다; 전시, 진열; 보이기, 표현; 디스플레이, 영상 출력 장치"
intermediate,5,,29,discard,headword,버리다,(불필요한 것을) 버리다
intermediate,5,,30,disability,headword,"장애, 결함","(신체적, 정신적) 장애, 결함"
intermediate,5,,31,differ,headword,다르다; 일치하지 않다,(...와) 다르다; (의견 등이) 일치하지 않다
intermediate,5,,32,difference,derived,"차이; 의견의 차이, 불화","차이(점); 의견의 차이, 불화"
intermediate,5,,33,different,derived,"다른; 여러가지의, 각색의","다른; 여러가지의, (각양)각색의"
intermediate,5,,34,differentiate,derived,"구분 짓다, 구별하다","구분 짓다, 구별하다"
intermediate,5,,35,independent,headword,"독립된, 자주의; 독립심이 강한","(국가, 조직이) 독립된, 자주의; 독립심이 강한"
intermediate,5,,36,independence,derived,독립; 자립,(...로부터의) 독립; 자립(심)
intermediate,5,,37,independently,derived,"독립하여, 자주적으로","독립하여, 자주적으로"
intermediate,5,,38,inevitable,headword,"피할 수 없는, 불가피한","피할 수 없는, 불가피한"
intermediate,5,,39,inevitably,derived,"필연적으로, 반드시","필연적으로, 반드시"
intermediate,5,,40,inexpensive,headword,"저렴한, 비싸지 않은","저렴한, 비싸지 않은"
intermediate,5,,41,illegal,headword,불법의,불법의
intermediate,5,,42,illegally,derived,불법적으로,불법적으로
intermediate,5,,43,immoral,headword,부도덕한,부도덕한
intermediate,5,,44,immune,headword,면역성을 가진; 면제된,면역성을 가진; 면제된
intermediate,5,,45,immunity,derived,면역력; 면제,면역력; 면제
intermediate,5,,46,irrelevant,headword,"관계가 없는, 상관없는","(...와) 관계가 없는, 상관없는"
intermediate,5,,47,irrational,headword,"비이성적인, 이성을 잃은","비이성적인, 이성을 잃은"
intermediate,6,,1,superior,headword,"우수한, 보다 나은; 상위의; 상급자","우수한, 보다 나은; (...보다) 상위[상급]의; 상급자"
intermediate,6,,2,superiority,derived,"우수, 탁월, 우월","우수(성), 탁월, 우월"
intermediate,6,,3,superb,headword,"뛰어난, 멋진; 최고의","뛰어난, 멋진; 최고의"
intermediate,6,,4,superficial,headword,"표면의, 외관상; 피상적인","표면의, 외관상; 피상적인"
intermediate,6,,5,surface,headword,"표면; 외관; 올라오다; 드러나다, 나타나다","표면; 외관; (수면으로) 올라오다; 드러나다, 나타나다"
intermediate,6,,6,sovereign,headword,"주권이 있는; 자주의, 독립의; 최고 권력의; 주권자, 군주","주권이 있는; 자주의, 독립의; 최고 권력의; 주권자, 군주"
intermediate,6,,7,sovereignty,derived,주권,주권
intermediate,6,,8,uphold,headword,"지지하다, 옹호하다, 유지하다","(법, 제도, 판결 등을) 지지하다, 옹호하다, 유지하다"
intermediate,6,,9,upright,headword,"똑바른; 수직으로 세운; 올바른, 정직한; 똑바로, 수직으로","똑바른; 수직으로 세운; (도덕적으로) 올바른, 정직한; 똑바로, 수직으로"
intermediate,6,,10,upset,headword,"기분이 상한, 화난; 탈이 난; 상하게 하다; 뒤집어엎다","기분이 상한, 화난; (위장 등이) 탈이 난; (마음을) 상하게 하다; 뒤집어엎다"
intermediate,6,,11,upside,headword,"위쪽, 윗면","위쪽, 윗면"
intermediate,6,,12,submarine,headword,잠수함; 해저의,잠수함; 해저의
intermediate,6,,13,suffer,headword,"겪다; ...로 괴로워하다, 앓다","(고통 등을) 겪다; ...로 괴로워하다, (병 등을) 앓다"
intermediate,6,,14,suffering,derived,고통,"(육체적, 정신적) 고통"
intermediate,6,,15,suggest,headword,제안하다; 암시하다,제안[제의]하다; 암시[시사]하다
intermediate,6,,16,suggestion,derived,"제안; 암시, 시사","제안; 암시, 시사"
intermediate,6,,17,support,headword,"지지하다; 부양하다; 받치다; 지지, 지원; 부양; 받침","(의견, 정책, 사람 등을) 지지[옹호]하다; (금전적으로) 부양하다; 받치다; 지지, 지원; 부양; 받침"
intermediate,6,,18,suppress,headword,"진압하다; 억제하다; 참다, 억누르다","진압하다; 억제하다; (감정 등을) 참다, 억누르다"
intermediate,6,,19,suppression,derived,"진압, 억제","진압, 억제"
intermediate,6,,20,antibiotic,headword,"항생제, 항생 물질","항생제, 항생 물질"
intermediate,6,,21,antibody,headword,항체,항체
intermediate,6,,22,Antarctic,headword,남극의; 남극,남극의; 남극 (지방)
intermediate,6,,23,anticipate,headword,"예상하다, 예측하다; 기대하다","예상하다, 예측하다; 기대하다"
intermediate,6,,24,anticipation,derived,예상; 기대,예상; 기대
intermediate,6,,25,antique,headword,"고대의, 옛날의; 골동품","고대의, 옛날의; 골동품"
intermediate,6,,26,advantage,headword,"유리한 조건; 이점, 장점","유리한 조건[입장]; 이점, 장점"
intermediate,6,,27,advantageous,derived,"유리한, 이익이 되는","유리한, 이익이 되는"
intermediate,6,,28,ancestor,headword,"조상, 선조","조상, 선조"
intermediate,6,,29,ancestral,derived,조상의; 대대로 내려오는,조상의; 대대로 내려오는
intermediate,6,,30,ancient,headword,"고대의, 옛날의","고대의, 옛날의"
intermediate,6,,31,advance,headword,전진; 진보; 전진하다; 진보하다; 진보시키다,전진; 진보; 전진하다; 진보하다; 진보시키다
intermediate,6,,32,advanced,derived,"진보한, 매우 앞선; 고급의, 고등의","진보한, 매우 앞선; 고급[상급]의, 고등의"
intermediate,6,,33,advancement,derived,"진보, 발전; 승진","진보, 발전; 승진"
intermediate,7,,1,combine,headword,결합하다; 결합되다; 겸비하다,결합하다; 결합되다; 겸비하다
intermediate,7,,2,combination,derived,"결합, 조합; 번호","결합, 조합; (자물쇠 등의) 번호 (조합)"
intermediate,7,,3,company,headword,"친구, 동료; 회사; 동석, 동행, 함께 있음","친구, 동료; 회사; 동석, 동행, 함께 있음"
intermediate,7,,4,complain,headword,"불평하다, 항의하다","불평하다, 항의하다"
intermediate,7,,5,complaint,derived,"불평, 항의","불평, 항의"
intermediate,7,,6,compile,headword,편집하다; 수집하다,편집[편찬]하다; (자료를) 수집하다
intermediate,7,,7,compress,headword,"압축하다, 꾹 누르다; 간결하게 하다, 요약하다","압축하다, 꾹 누르다; (사상, 언어 등을) 간결하게 하다, 요약하다"
intermediate,7,,8,compose,headword,"구성하다; 작곡하다, 쓰다","구성하다; 작곡하다, (글을) 쓰다"
intermediate,7,,9,composition,derived,"구성, 조립; 작문, 작곡; 작품","구성, 조립; 작문, 작곡; (음악, 미술, 시) 작품"
intermediate,7,,10,composer,derived,작곡가,작곡가
intermediate,7,,11,compromise,headword,"타협, 절충; 타협하다","타협, 절충; 타협[절충]하다"
intermediate,7,,12,confirm,headword,"확인하다, 확정하다; 보여주다, 확인해주다; 인정하다","(예약, 약속 등을) 확인하다, 확정하다; (...이 사실임을) 보여주다, 확인해주다; (...이 맞다고) 인정하다"
intermediate,7,,13,confirmation,derived,"확인, 확증","확인, 확증"
intermediate,7,,14,connect,headword,"연결하다, 잇다; 관련시키다, 연관시키다; 연결하다","연결하다, 잇다; 관련시키다, 연관시키다; (인터넷, 기기, 네트워크 등에) 연결[접속]하다"
intermediate,7,,15,connection,derived,"관련성; 연결, 접속","관련성[연관성]; 연결, 접속"
intermediate,7,,16,conform,headword,"순응하다, 따르다","(관습, 법, 규칙 등에) 순응하다, 따르다"
intermediate,7,,17,conformity,derived,"따름, 순응; 일치","따름, 순응; 일치"
intermediate,7,,18,confront,headword,직면하다; ...에 맞서다,"(문제, 어려움 등에) 직면하다; ...에 맞서다"
intermediate,7,,19,confrontation,derived,"대립, 대결","대립, 대결"
intermediate,7,,20,correspond,headword,해당하다; 일치하다; 서신을 주고받다,(...에) 해당[대응]하다; 일치[부합]하다; 서신을 주고받다
intermediate,7,,21,corresponding,derived,상응하는,(...에) 상응하는
intermediate,7,,22,correspondence,derived,"서신 왕래; 대응, 일치","서신 왕래; 대응[상응], 일치"
intermediate,7,,23,collapse,headword,"붕괴되다, 무너지다; 쓰러지다; 붕괴; 쓰러짐; 실패","붕괴되다, 무너지다; (의식을 잃고) 쓰러지다; 붕괴; 쓰러짐; 실패"
intermediate,7,,24,symphony,headword,"교향곡, 심포니","교향곡, 심포니"
intermediate,7,,25,synthetic,headword,"합성한, 인조의; 종합적인","합성한, 인조의; 종합적인"
intermediate,7,,26,synthesize,derived,"합성하다; 종합하다, 종합적으로 다루다","합성하다; 종합하다, 종합적으로 다루다"
intermediate,7,,27,absorb,headword,흡수하다; 받아들이다; 열중하게 하다,"(액체, 기체를) 흡수하다; (정보, 지식 등을) 받아들이다; 열중하게 하다"
intermediate,7,,28,abnormal,headword,비정상적인,비정상적인
intermediate,7,,29,abnormality,derived,"비정상, 이상","비정상, 이상"
intermediate,7,,30,absolute,headword,"완전한, 전적인, 절대적인; 확실한, 틀림없는; 전제적인, 무제한의","완전한, 전적인, 절대적인; 확실한, 틀림없는; 전제[독재]적인, 무제한의"
intermediate,7,,31,absolutely,derived,"완전히, 전적으로; 그렇고 말고","완전히, 전적으로; 그렇고 말고"
intermediate,7,,32,absurd,headword,"어리석은, 터무니없는; 불합리한","어리석은, 터무니없는; 불합리한"
intermediate,7,,33,separate,headword,"분리된, 갈라진; 별개의, 따로따로의; 분리하다, 갈라놓다; 분리되다, 갈라지다","분리된, 갈라진; 별개의, 따로따로의; 분리하다, 갈라놓다; 분리되다, 갈라지다"
intermediate,7,,34,separately,derived,"따로따로, 개별적으로","따로따로, 개별적으로"
intermediate,7,,35,separation,derived,"분리, 분할, 구별; 별거, 이별","분리, 분할, 구별; (부부 간의) 별거, 이별"
intermediate,7,,36,secure,headword,"안전한; 확실한; 얻다, 확보하다; 안전하게 하다, 위험으로부터 보호하다","안전한; 확실한; 얻다, 확보하다; 안전하게 하다, 위험으로부터 보호하다"
intermediate,7,,37,security,derived,"안전, 보호 ; 보안, 경비; 안도, 안심","안전, 보호 (수단); 보안, 경비; 안도(감), 안심"
intermediate,7,,38,select,headword,"선택하다, 고르다","선택하다, 고르다"
intermediate,7,,39,selection,derived,"선발, 선택","선발, 선택(된 것)"
intermediate,7,,40,selective,derived,선택적인; 까다롭게 선택하는,선택적인; 까다롭게[꼼꼼히] 선택하는
intermediate,7,,41,segregation,headword,"차별, 분리; 분리, 격리","(인종, 성별 등에 의한) 차별, 분리; 분리, 격리"
intermediate,7,,42,segregate,derived,분리하다; 분리하다,"(인종, 성별 등에 따라) 분리[차별]하다; 분리[격리]하다"
intermediate,8,,1,enable,headword,"...할 수 있게 하다, 가능하게 하다","...할 수 있게 하다, 가능하게 하다"
intermediate,8,,2,enforce,headword,시행하다; 강요하다,(법률 등을) 시행[집행]하다; 강요하다
intermediate,8,,3,enforcement,derived,"시행, 집행; 강제","(법률 등의) 시행, 집행; 강제"
intermediate,8,,4,enhance,headword,향상하다,"(질, 가치를) 향상하다"
intermediate,8,,5,enhancement,derived,향상,향상
intermediate,8,,6,enrich,headword,"높이다, 풍부하게 하다; 부유하게 하다","(질, 가치, 빛깔, 맛 등을) 높이다, 풍부하게 하다; 부유하게 하다"
intermediate,8,,7,enlarge,headword,"크게 하다, 확장하다; 확장되다","크게 하다, 확장하다; 확장되다"
intermediate,8,,8,entitle,headword,자격을 주다; 제목을 붙이다,자격[권리]을 주다; 제목[명칭]을 붙이다
intermediate,8,,9,ensure,headword,반드시 ...하게 하다; 보장하다,반드시 ...하게 하다; 보장하다
intermediate,8,,10,enclose,headword,둘러싸다; 동봉하다,"(물건, 장소를) 둘러싸다; 동봉하다"
intermediate,8,,11,enclosure,derived,"울타리를 친 장소; 포위, 둘러쌈; 동봉된 것","울타리를 친 장소; 포위, 둘러쌈; 동봉된 것"
intermediate,8,,12,encounter,headword,직면하다; 우연히 만나다; 만남,"(문제, 일에) 직면하다; 우연히 만나다; (예상 밖의) 만남"
intermediate,8,,13,engage,headword,"참여하다, 관여하다; 종사하다; 끌다, 사로잡다; 약속하다; 약혼하다","참여하다, 관여하다; 종사하다; (주의를) 끌다, 사로잡다; 약속하다; 약혼하다"
intermediate,8,,14,engaged,derived,"...에 열중인, 바쁜; 약혼한","...에 열중인, 바쁜; 약혼한"
intermediate,8,,15,engaging,derived,"관심을 끄는, 매력적인","관심을 끄는, 매력적인"
intermediate,8,,16,engagement,derived,약속; 약혼; 참여,약속; 약혼; 참여
intermediate,8,,17,embrace,headword,"껴안다; 수락하다, 받아들이다; 포옹; 수락, 받아들임","껴안다; 수락하다, 받아들이다; 포옹; 수락, 받아들임"
intermediate,8,,18,perfect,headword,"완전한, 완벽한; 완전하게 하다, 완성하다","완전(무결)한, 완벽한; 완전하게 하다, 완성하다"
intermediate,8,,19,perfectly,derived,"나무랄 데 없이, 완벽하게, 완전히","나무랄 데 없이, 완벽하게, 완전히"
intermediate,8,,20,perfection,derived,완벽,완벽(함)
intermediate,8,,21,permanent,headword,"영구적인, 불변의; 오랫동안 지속되는; 정규의","영구적인, 불변의; 오랫동안 지속되는; 정규(직)의"
intermediate,8,,22,permanently,derived,영구적으로,영구적으로
intermediate,8,,23,persist,headword,"계속 ...하다, 고집하다; 지속하다, 존속하다","(어려움, 반대에도 불구하고) 계속 ...하다, 고집하다; (주로 좋지 않은 것이) 지속하다, 존속하다"
intermediate,8,,24,persistent,derived,"지속적인; 고집하는, 끈질긴","지속적인; 고집하는, 끈질긴"
intermediate,8,,25,persistence,derived,"고집; 영속, 지속성","고집; 영속, 지속성"
intermediate,8,,26,persevere,headword,"노력하다, 인내하다, 견디다","(끈질기게) 노력하다, 인내하다, 견디다"
intermediate,8,,27,perseverance,derived,"끈기, 인내","끈기, 인내(심)"
intermediate,8,,28,persuade,headword,"설득하다, 권해서 ...하게 하다; 믿게 하다, 납득시키다","설득하다, 권해서 ...하게 하다; 믿게 하다, 납득시키다"
intermediate,8,,29,persuasion,derived,"설득; 확신, 신념","설득; 확신, 신념"
intermediate,8,,30,persuasive,derived,설득력이 있는,설득력이 있는
intermediate,8,,31,perspective,headword,"관점, 시각, 견해; 원근법","관점, 시각, 견해; 원근법"
intermediate,8,,32,aboard,headword,탑승하여; 안에서,"(배, 열차, 항공기 등에) 탑승[승선]하여; (배, 열차, 항공기 등의) 안에서[으로]"
intermediate,8,,33,abroad,headword,"외국에, 해외로; 널리 퍼져","외국에, 해외로; (격식) (소문 등이) 널리 퍼져"
intermediate,8,,34,alike,headword,"비슷한, 서로 같은; 마찬가지로, 같게, 동등하게","(아주) 비슷한, 서로 같은; 마찬가지로, 같게, 동등하게"
intermediate,8,,35,arise,headword,"발생하다, 일어나다; 일어나다, 기인하다; 깨다, 일어나다","(문제, 사건 등이) 발생하다, 일어나다; (결과로서) 일어나다, 기인하다; (잠에서) 깨다, 일어나다"
intermediate,8,,36,arouse,headword,일으키다; 깨우다,(감정을) (불러) 일으키다; (잠에서) 깨우다
intermediate,8,,37,ashamed,headword,"부끄러워하는, 창피한","부끄러워하는, 창피한"
intermediate,8,,38,amaze,headword,깜짝 놀라게 하다,깜짝 놀라게 하다
intermediate,8,,39,amazing,derived,"놀라운, 경탄할 만한","놀라운, 경탄할 만한"
intermediate,8,,40,amazement,derived,놀람,놀람
intermediate,8,,41,afford,headword,...할 여유가 있다,...할 여유가 있다
intermediate,8,,42,affordable,derived,감당할 수 있는,감당할 수 있는
intermediate,8,,43,atom,headword,원자,원자
intermediate,8,,44,atomic,derived,"원자의, 원자력의","원자의, 원자력의"
intermediate,9,,1,contrary,headword,"반대의; 반대, 반대되는 것","(...와) 반대의; (정)반대, 반대되는 것"
intermediate,9,,2,contrast,headword,"대조, 대비; 차이; 정반대의 물건; 대조하다; 대조를 이루다","대조, 대비; (대조에 의해 나타나는) 차이; 정반대의 물건[사람]; 대조[대비]하다; 대조를 이루다"
intermediate,9,,3,controversy,headword,"논쟁, 언쟁, 논란","논쟁, 언쟁, 논란"
intermediate,9,,4,controversial,derived,"논란의 여지가 있는, 논쟁의","논란의 여지가 있는, 논쟁의"
intermediate,9,,5,counterattack,headword,"반격, 역습","반격(하다), 역습(하다)"
intermediate,9,,6,counterfeit,headword,"위조의, 가짜의; 위조하다","위조의, 가짜의; (화폐, 문서 등을) 위조하다"
intermediate,9,,7,counterpart,headword,"대응하는 사람, 상대","(직위, 목적 등이) 대응하는 사람[것], 상대(방)"
intermediate,9,,8,withdraw,headword,"철회하다; 그만두다; 인출하다; 물러나다, 철수하다","(원조, 약속, 지원 등을) 철회[취소]하다; (직장, 조직, 학교 등을) 그만두다; (예금을) 인출하다; (군대 등이) 물러나다, 철수하다"
intermediate,9,,9,withdrawal,derived,"철수, 물러남; 철회, 취소; 인출","(군대의) 철수, 물러남; (원조, 서비스 등의) 철회, 취소; (예금 등의) 인출"
intermediate,9,,10,withhold,headword,주지 않다; 유보하다,"(꼭 쥐고) 주지 않다; (지원, 승낙 등을) 유보하다"
intermediate,9,,11,withstand,headword,저항하다; 견디다,저항하다; 견디다
intermediate,9,,12,adjust,headword,"맞추다, 조정하다; 적응하다","맞추다, 조정[조절]하다; 적응[순응]하다"
intermediate,9,,13,adjustment,derived,"수정, 조절; 적응, 순응","수정, 조절; 적응, 순응"
intermediate,9,,14,accompany,headword,...와 동행하다; ...에 수반하여 일어나다; 반주하다,...와 동행하다; (현상 등이) ...에 수반하여 일어나다; 반주하다
intermediate,9,,15,accustomed,headword,"익숙해진, 습관이 된","(...에) 익숙해진, 습관이 된"
intermediate,9,,16,accustom,derived,익숙하게 하다,익숙하게 하다
intermediate,9,,17,account,headword,"계좌; 보고, 설명; 계정; 이유, 원인; 계산서; ...의 이유를 밝히다, ...을 설명하다; ...의 원인이 되다; 차지하다","계좌; 보고(서), 설명; 계정; 이유, 원인; 계산서; ...의 이유를 밝히다, ...을 설명하다; ...의 원인이 되다; (...의 비율을) 차지하다"
intermediate,9,,18,accountant,derived,회계사,회계사
intermediate,9,,19,accumulate,headword,"모으다, 축적하다; 모이다, 축적되다","(돈, 재산, 물건 등을) 모으다, 축적하다; 모이다, 축적되다"
intermediate,9,,20,accumulation,derived,"축적, 쌓아올림","축적, 쌓아올림"
intermediate,9,,21,appoint,headword,임명하다; 정하다,"임명[지정]하다; (시간, 장소를) 정하다"
intermediate,9,,22,appointment,derived,"약속; 임명, 지명","(회의, 예약 등의) 약속; 임명, 지명"
intermediate,9,,23,approach,headword,"...에 접근하다; 다가오다; 이야기를 꺼내다; 다루다; 접근법, 해결 방법; 가까워짐, 접근","...에 접근하다[다가가다]; 다가오다; (부탁, 교섭 등을 위해) (...에게) 이야기를 꺼내다; (문제 등을) 다루다; 접근법, 해결 방법; 가까워짐, 접근"
intermediate,9,,24,await,headword,"기다리다, 대기하다","기다리다, 대기하다"
intermediate,9,,25,abandon,headword,"버리다, 떠나다; 포기하다","(사람, 장소 등을) 버리다, 떠나다; (계획, 생각, 신념 등을) 포기하다"
intermediate,9,,26,arrogant,headword,"거만한, 오만한","거만한, 오만한"
intermediate,9,,27,arrogance,derived,"거만, 오만","거만, 오만"
intermediate,9,,28,telescope,headword,망원경,망원경
intermediate,9,,29,telegraph,headword,"전보, 전신; ...에게 전보를 치다, 전보로 알리다; ...을 넌지시 알리다","전보, 전신; ...에게 전보를 치다, 전보로 알리다; (몸짓, 눈짓 등으로) ...을 넌지시 알리다[표현하다]"
intermediate,9,,30,telecommute,headword,재택근무하다,(컴퓨터 등의 통신 시설을 이용하여) 재택근무하다
intermediate,9,,31,autograph,headword,"사인, 자필 서명; 자필 서명하다","사인, 자필 서명; 자필 서명하다"
intermediate,9,,32,autobiography,headword,자서전,자서전
intermediate,9,,33,automobile,headword,자동차,자동차(의)
intermediate,10,,1,geography,headword,"지리학; 지리, 지세","지리학; (특정 지역의) 지리, 지세"
intermediate,10,,2,geographical(geographic),derived,지리학(상)의; 지리적인,지리학(상)의; 지리적인
intermediate,10,,3,geology,headword,"지질학; 지질학적 특징, 지질","지질학; (어떤 지역의) 지질학적 특징, 지질"
intermediate,10,,4,geometry,headword,기하학,기하학
intermediate,10,,5,multiple,headword,"다수의, 다양한; 배수의; 배수","다수의, 다양한; 배수의; 배수"
intermediate,10,,6,multiply,derived,증가하다; 증가시키다; 곱하다; 번식하다,증가하다; 증가시키다; 곱하다; 번식하다
intermediate,10,,7,multimedia,headword,멀티미디어,멀티미디어(의)
intermediate,10,,8,multitude,headword,다수; 군중,다수; 군중
intermediate,10,,9,monologue(monolog),headword,(혼자서만 하는) 긴 이야기; (배우의) 독백,(혼자서만 하는) 긴 이야기; (배우의) 독백
intermediate,10,,10,monoculture,headword,"단작, 단일 재배; 단일 문화","단작, 단일 재배; 단일 문화 (사회)"
intermediate,10,,11,union,headword,"조합; 단체, 클럽; 결합, 연합","(노동) 조합; (동일한 관심사나 목표를 가진) 단체, 클럽; 결합, 연합"
intermediate,10,,12,unique,headword,"보통이 아닌, 특별한, 독특한; 유일한, 하나밖에 없는; 특유의, 고유의","보통이 아닌, 특별한, 독특한; 유일(무이)한, 하나밖에 없는; (특정 장소, 사람, 사물에서) 특유의, 고유의"
intermediate,10,,13,unify,headword,"통일하다, 통합하다","(갈라져 있던 것을) 통일하다, 통합하다"
intermediate,10,,14,unification,derived,"통일, 통합","통일, 통합"
intermediate,10,,15,unite,headword,"결합하다, 연합하다","(본래 개별적인 것들을 하나로) 결합[통합]하다, 연합하다"
intermediate,10,,16,unity,derived,"통합, 통일; 단일성, 조화","통합, 통일; 단일성, 조화"
intermediate,10,,17,unit,headword,"구성 단위, 측정 단위, 유닛; 단일체, 한 개; 부문, 부","구성 단위, 측정 단위, 유닛; 단일체, 한 개; (병원, 군대 등의) 부문, 부(部)"
intermediate,10,,18,universe,headword,"우주, 만물; 전 세계","우주, 만물; 전 세계"
intermediate,10,,19,universal,derived,"만인의, 전 인류의, 전 세계의; 보편적인","만인의, 전 인류의, 전 세계의; 보편[일반]적인"
intermediate,10,,20,university,derived,대학교,(종합) 대학교
intermediate,10,,21,uniform,headword,"제복, 군복, 교복, 유니폼; 동일한, 똑같은; 일관된, 한결 같은","제복, 군복, 교복, 유니폼; (크기, 모양, 형식 등이) 동일한, 똑같은; 일관된, 한결 같은"
intermediate,10,,22,bilingual,headword,2개 국어를 구사할 수 있는; 2개 국어를 사용하는; 2개 국어 구사자,2개 국어를 구사할 수 있는; 2개 국어를 사용하는; 2개 국어 구사자
intermediate,10,,23,balance,headword,"균형, 평형; 잔고, 잔액; 저울; 균형을 잡다; 상쇄하다; 견주어 보다","(양, 무게, 몸 등의) 균형, 평형; 잔고, 잔액; 저울; 균형을 잡다; 상쇄하다; (...와) 견주어 보다"
intermediate,10,,24,duplicate,headword,"복사하다; 되풀이하다; 복사의, 복제의; 복사본, 복제품","(서류 등을) 복사[복제]하다; (똑같이) 되풀이하다; 복사의, 복제의; 복사본, 복제품"
intermediate,10,,25,duplication,derived,"복사, 복제; 이중, 중복","복사, 복제; 이중, 중복"
intermediate,10,,26,dual,headword,"둘의; 두 부분으로 된, 이중의","둘의; 두 부분으로 된, 이중의"
intermediate,10,,27,twilight,headword,"황혼, 땅거미, 어스름; 황혼기, 쇠퇴기","황혼, 땅거미, 어스름; (전성기 뒤의) 황혼기, 쇠퇴기"
intermediate,10,,28,twist,headword,"비틀기, 꼬임; 굴곡; 꼬다, 감다, 비틀다; 틀다, 삐다; 왜곡하다","비틀기, 꼬임; (도로, 강 등의) 굴곡; (철사, 실 등을) 꼬다, 감다, 비틀다; (몸을) 틀다, 삐다; (사실, 의미 등을) 왜곡하다"
intermediate,10,,29,triangle,headword,삼각형 ; 트라이앵글; 삼각관계,삼각형 (모양); 트라이앵글; 삼각관계
intermediate,10,,30,triangular,derived,삼각형의; 삼자 간의,삼각형의; 삼자[국] 간의
intermediate,10,,31,tribe,headword,"부족, 종족","부족, 종족"
intermediate,10,,32,trivial,headword,"사소한, 하찮은","사소한, 하찮은"
intermediate,11,,1,manufacture,headword,"제조하다, 생산하다; 꾸며내다, 만들어내다; 제조, 생산","(주로 대량으로) 제조하다, 생산하다; (이야기, 구실 등을) 꾸며내다, 만들어내다; (대규모의) 제조, 생산"
intermediate,11,,2,manufacturer,derived,"제조업자, 제작사","제조업자, 제작사"
intermediate,11,,3,facility,headword,"시설, 설비; 기능, 특질; 재능, 솜씨","(편의) 시설, 설비; (장비, 체계 등의) 기능, 특질; (타고난) 재능, 솜씨"
intermediate,11,,4,facilitate,derived,"가능하게 하다, 용이하게 하다","가능하게 하다, 용이하게 하다"
intermediate,11,,5,facile,derived,"술술 하는, 안이한; 손쉬운, 쉽게 얻은","(별 생각 없이) 술술 하는, 안이한; 손쉬운, 쉽게 얻은"
intermediate,11,,6,faculty,headword,"재능, 능력; 학부; 교수진","(타고난) 재능, 능력; (대학 등의) 학부; (대학의) 교수진"
intermediate,11,,7,factor,headword,"요소, 요인","요소, 요인"
intermediate,11,,8,factual,headword,"사실에 입각한, 사실적인","사실에 입각한, 사실적인"
intermediate,11,,9,effect,headword,"효과, 영향; 결과","효과, 영향; 결과"
intermediate,11,,10,effective,derived,효과적인; 시행되는,효과적인; (법 등이) 시행되는
intermediate,11,,11,effectively,derived,"효과적으로; 사실상, 실제로","효과적으로; 사실상, 실제로"
intermediate,11,,12,affect,headword,"영향을 미치다; …인 체하다, 가장하다","영향을 미치다; ...인 체하다, 가장하다"
intermediate,11,,13,affection,derived,"정, 애정","정(情), 애정"
intermediate,11,,14,affectionate,derived,"애정 있는, 다정한","애정 있는, 다정한"
intermediate,11,,15,affective,derived,정서적인,정서적인
intermediate,11,,16,defect,headword,"결점, 결함, 결핍","결점, 결함, 결핍"
intermediate,11,,17,defective,derived,결함이 있는,결함[결점]이 있는
intermediate,11,,18,efficient,headword,"능률적인, 효율적인","능률적인, 효율적인"
intermediate,11,,19,efficiency,derived,"능률, 효율","능률, 효율"
intermediate,11,,20,deficient,headword,"부족한, 모자라는; 결함이 있는","(필수적인 것이) 부족한, 모자라는; 결함이 있는"
intermediate,11,,21,deficit,derived,"적자, 부족액; 결손","적자, 부족액; 결손"
intermediate,11,,22,deficiency,derived,"부족, 결핍; 결함","부족, 결핍; 결함"
intermediate,11,,23,sufficient,headword,충분한,충분한
intermediate,11,,24,proficient,headword,"숙달된, 능숙한","숙달된, 능숙한"
intermediate,11,,25,proficiency,derived,"숙달, 능숙, 능란","숙달, 능숙, 능란"
intermediate,11,,26,fiction,headword,"소설; 꾸며낸 이야기, 허구","소설; 꾸며낸 이야기, 허구"
intermediate,11,,27,fictional,derived,"지어낸, 허구적인","지어낸, 허구적인"
intermediate,11,,28,figure,headword,"숫자, 수치; 액수; 인물; 모양, 형태; 사람의 모습, 모델; ...라고 생각하다; 계산하다; 중요한 부분을 차지하다","숫자, 수치; (돈의) 액수; (중요한) 인물; 모양, 형태; 사람의 모습, (그림의) 모델; ...라고 생각하다; 계산하다; 중요한 부분을 차지하다"
intermediate,11,,29,figurative,derived,비유적인,비유적인
intermediate,11,,30,profit,headword,"이익, 수익; 이득, 이점; ...에 득이 되다; 이익을 얻다","(금전상의) 이익, 수익; 이득, 이점; ...에 득[도움]이 되다; 이익을 얻다"
intermediate,11,,31,profitable,derived,"이익이 되는, 유익한","이익이 되는, 유익한"
intermediate,11,,32,benefit,headword,"이익, 이점; 수당, 혜택; ...에 득이 되다; 득을 보다","(주로 복지와 관련된) 이익, 이점; (정부, 직장, 보험을 통해 제공되는) 수당, 혜택; ...에 득[도움]이 되다; 득을 보다"
intermediate,11,,33,beneficial,derived,"유익한, 유리한","유익한, 유리한"
intermediate,11,,34,qualify,headword,"자격을 얻다, 적임이다; 자격을 주다","자격[권한]을 얻다, 적임이다; 자격[권한]을 주다"
intermediate,11,,35,qualification,derived,"자격 , 자질; 자격 증명서","자격 (부여), 자질; 자격 증명서"
intermediate,11,,36,qualified,derived,"자격 있는, 적임의","자격 있는, 적임의"
intermediate,11,,37,satisfy,headword,만족시키다,"(사람, 규칙, 조건 등을) 만족[충족]시키다"
intermediate,11,,38,satisfaction,derived,만족,만족(감)
intermediate,11,,39,satisfactory,derived,"충분한, 만족스러운","충분한, 만족스러운"
intermediate,11,,40,affair,headword,"일, 문제; 일, 사건; 스캔들, 추문","(공적으로 중요한) 일, 문제; (사적인) 일, 사건; 스캔들, 추문"
intermediate,11,,41,export,headword,수출하다; 다른 나라에 소개하다; 수출,수출하다; (사상 등을) 다른 나라에 소개하다[전하다]; 수출(품)
intermediate,11,,42,import,headword,수입하다; 수입,수입하다; 수입(품)
intermediate,11,,43,transport,headword,"수송하다; 수송, 운송; 운송 수단, 수송 기관","수송[운송]하다; 수송, 운송; 운송 수단, 수송 기관"
intermediate,11,,44,transportation,derived,"운송 , 수송","운송 (수단), 수송 (기관)"
intermediate,11,,45,portable,headword,"휴대용의, 가지고 다닐 수 있는","휴대용의, 가지고 다닐 수 있는"
intermediate,11,,46,opportunity,headword,"기회, 호기","(좋은) 기회, 호기"
intermediate,12,,1,capable,headword,...할 수 있는; 유능한,...할 수 있는; 유능한
intermediate,12,,2,capability,derived,능력,능력
intermediate,12,,3,capacity,derived,"수용량; 능력, 역량, 생산 능력","(최대) 수용량; 능력, 역량, (기계 등의) 생산 능력"
intermediate,12,,4,capture,headword,"생포, 포획; 점령; 저장, 캡쳐; 붙잡다, 생포하다; 점령하다; 사로잡다; 기록하다, 담아내다","생포, 포획; 점령; (데이터) 저장, 캡쳐; (사람, 동물 등을) 붙잡다, 생포하다; (적지 등을) 점령하다; (관심, 마음 등을) 사로잡다; (사진, 영상 등으로) 기록[포착]하다, 담아내다"
intermediate,12,,5,captive,derived,"사로잡힌, 포로의; 포로","사로잡힌, 포로의; 포로"
intermediate,12,,6,captivity,derived,"사로잡혀 있음, 감금, 억류","사로잡혀 있음, 감금, 억류"
intermediate,12,,7,participate,headword,참가하다,(...에) 참가[참여]하다
intermediate,12,,8,participation,derived,"참가, 참여","참가, 참여"
intermediate,12,,9,participant,derived,"참가자, 참여자","참가자, 참여자"
intermediate,12,,10,accept,headword,"수락하다, 받아들이다; 믿다, 인정하다; 구성원으로 받아들이다","수락하다, 받아들이다; (설명, 학설, 사실 등을) 믿다, 인정하다; (기구, 모임 등에) 구성원으로 받아들이다"
intermediate,12,,11,acceptable,derived,받아들일 수 있는,받아들일 수 있는
intermediate,12,,12,acceptance,derived,"수락, 받아들임; 용인, 승인","수락, 받아들임; 용인, 승인"
intermediate,12,,13,except,headword,"...을 제외하고, ... 이외에는","...을 제외하고, ... 이외에는"
intermediate,12,,14,exception,derived,"예외, 제외","예외, 제외"
intermediate,12,,15,exceptional,derived,아주 뛰어난; 예외적인,아주 뛰어난; 예외적인
intermediate,12,,16,conceive,headword,"생각해내다, 착상하다, 고안하다; 상상하다; 임신하다","(의견, 계획 등을) 생각해내다, 착상하다, 고안하다; (특정한 상황 등을) 상상하다; 임신하다"
intermediate,12,,17,concept,derived,"개념, 관념","개념, 관념"
intermediate,12,,18,conception,derived,"개념, 생각; 구상, 착상; 임신","개념, 생각; 구상, 착상; 임신"
intermediate,12,,19,perceive,headword,"인지하다, 알아차리다","인지하다, 알아차리다"
intermediate,12,,20,perception,derived,"지각 , 인지","지각 (작용), 인지(력)"
intermediate,12,,21,deceive,headword,"속이다, 기만하다","속이다, 기만하다"
intermediate,12,,22,deception,derived,"속임수, 사기","속임수, 사기 (행위)"
intermediate,12,,23,deceptive,derived,"속이는, 기만적인","속이는, 기만적인"
intermediate,12,,24,deceit,derived,"속이기, 거짓말","속이기, 거짓말"
intermediate,12,,25,receive,headword,"받다, 수령하다; 받아들이다; 수신하다","받다, 수령하다; (제안, 의견 등을) 받아들이다; (전화, 방송 등을) 수신하다"
intermediate,12,,26,reception,derived,환영; 안내 데스크; 수신,환영(회); (호텔 등의) 안내 데스크; 수신
intermediate,12,,27,receipt,derived,"영수증; 받음, 수령","영수증; 받음, 수령"
intermediate,12,,28,recipient,derived,"수령인, 수취인","수령인, 수취인"
intermediate,12,,29,occupy,headword,차지하다; 사용하다; 점령하다,"(시간, 공간, 마음, 지위, 일 등을) 차지하다; (방, 건물 등을) 사용하다; 점령[점거]하다"
intermediate,12,,30,occupation,derived,"직업; 점령, 점유; 여가 활동","직업; 점령, 점유; 여가 활동"
intermediate,12,,31,stand,headword,"서다; ...에 있다, 있다; ...을 참다, 견디다; 입장, 처지; 받침대, 스탠드","서다; ...에 있다[위치하다], (어떤 상태, 입장 등에) 있다; ...을 참다, 견디다; 입장, 처지; (가구 등의) 받침대, 스탠드"
intermediate,12,,32,standard,headword,"표준, 기준, 수준; 표준의; 일반적인, 보통의","표준, 기준, 수준; 표준의; 일반적인, 보통의"
intermediate,12,,33,state,headword,"상태, 상황; 국가, 주; 진술하다, 말하다","상태, 상황; 국가, 주(州); 진술하다, 말하다"
intermediate,12,,34,statement,derived,"성명; 진술, 주장","성명(서); 진술, 주장"
intermediate,12,,35,statesman,derived,정치인,정치인
intermediate,12,,36,stateswoman,derived,정치인,정치인
intermediate,12,,37,statistics,headword,통계; 통계학,통계(치[량/표]); 통계학
intermediate,12,,38,statistical,derived,통계의,통계(상)의
intermediate,12,,39,statue,headword,"상, 조각상","(사람, 동물 등의) 상(像), 조각상"
intermediate,12,,40,status,headword,"지위, 신분, 위상; 상황","(법적, 직업적, 사회적) 지위, 신분, 위상; (진행) 상황"
intermediate,12,,41,stable,headword,"안정된, 견고한; 마구간, 외양간","안정된, 견고한; 마구간, 외양간"
intermediate,12,,42,stability,derived,안정,안정(성)
intermediate,12,,43,establish,headword,"설립하다, 제정하다; 수립하다; 입증하다, 증명하다","(기업, 단체 등을) 설립하다, (제도, 법률 등을) 제정하다; 수립[확립]하다; (사실 등을) 입증하다, 증명하다"
intermediate,12,,44,establishment,derived,"기관, 단체; 설립, 제정","기관, 단체; 설립, 제정"
intermediate,12,,45,constant,headword,"끊임없는, 계속되는; 불변의; 불변; 상수","끊임없는, 계속되는; (속도, 양, 수준 등이) 불변의; 불변(의 것); 상수"
intermediate,12,,46,constantly,derived,"끊임없이, 항상","끊임없이, 항상"
intermediate,12,,47,estate,headword,"재산, 자산; 토지, 소유지","재산, 자산; 토지, 소유지"
intermediate,12,,48,instance,headword,"예, 실례, 사례, 경우","예, 실례, 사례, 경우"
intermediate,12,,49,instant,headword,"즉석의, 즉각적인; 인스턴트의, 즉석 요리의; 즉시, 순간, 찰나","즉석의, 즉각적인; 인스턴트의, 즉석 요리의; 즉시, 순간, 찰나"
intermediate,12,,50,instantly,derived,"곧, 당장, 즉석에서","곧, 당장, 즉석에서"
intermediate,12,,51,install,headword,"설치하다; ...을 취임시키다, 임명하다","(장비, 가구를) 설치[설비]하다; ...을 취임시키다, 임명하다"
intermediate,12,,52,installation,derived,설치,설치
intermediate,12,,53,obstacle,headword,"장애, 방해","장애(물), 방해(물)"
intermediate,12,,54,substance,headword,"물질, 물체; 실체, 본체, 본질; 요지, 중요한 부분","물질, 물체; 실체, 본체, 본질; (이야기 등의) 요지, 중요한 부분"
intermediate,12,,55,substantial,derived,"상당한, 많은; 본질적인, 중요한","(양, 정도 등이) 상당한, 많은; 본질[실질]적인, 중요한"
intermediate,13,,1,assist,headword,"돕다, 거들다, 원조하다; 어시스트","돕다, 거들다, 원조하다; 어시스트"
intermediate,13,,2,assistance,derived,"보조, 도움","보조, 도움"
intermediate,13,,3,assistant,derived,"보조자, 조수; 보조의, 하위 직급의","보조자, 조수; 보조의, 하위 직급의"
intermediate,13,,4,consist,headword,"...에 존재하다, ...에 있다; ...로 이루어지다, 구성되다","(주요 특징 등이) ...에 존재하다, ...에 있다; ...로 이루어지다, 구성되다"
intermediate,13,,5,consistency,derived,일관성,"(태도, 수준 등의) 일관성"
intermediate,13,,6,consistent,derived,"시종일관한, 일관된; 일치하는, 모순이 없는","시종일관한, 일관된; (진술, 의견 등이) 일치하는, 모순이 없는"
intermediate,13,,7,exist,headword,"존재하다, 실재하다; 생존하다","존재하다, 실재하다; (어려운 상황에서) 생존하다"
intermediate,13,,8,existence,derived,"존재, 실재; 생존","존재, 실재; 생존 (방식)"
intermediate,13,,9,insist,headword,"주장하다, 고집하다; 요구하다","(특정 사실에 대해) 주장하다, 고집하다; (강력히) 요구하다"
intermediate,13,,10,insistence,derived,"주장, 요구","(강력한) 주장, 요구"
intermediate,13,,11,insistent,derived,"고집하는, 끈질긴","고집하는, 끈질긴"
intermediate,13,,12,resist,headword,"...에 반대하다, 저항하다; 견디다, 참다","...에 반대하다, 저항[반항]하다; (유혹 등을) 견디다, 참다"
intermediate,13,,13,resistance,derived,"저항 , 반항, 반대","저항 (운동), 반항, 반대"
intermediate,13,,14,resistant,derived,"견디는, 내성이 있는; 반대하는, 저항하는","견디는, 내성이 있는; 반대하는, 저항하는"
intermediate,13,,15,irresistible,derived,저항할 수 없는; 매력적인,저항할[억누를] 수 없는; (못 견디게) 매력적인
intermediate,13,,16,restore,headword,"회복하다; 회복시키다; 복원하다, 복구하다; 돌려주다","회복하다; 회복시키다; 복원하다, 복구하다; 돌려주다"
intermediate,13,,17,restoration,derived,"복원, 복구; 회복; 반환","복원, 복구; 회복; 반환"
intermediate,13,,18,restorative,derived,회복시키는,회복시키는
intermediate,13,,19,restorable,derived,회복할 수 있는,회복할 수 있는
intermediate,13,,20,arrest,headword,체포,체포(하다)
intermediate,13,,21,cost,headword,"비용, 값, 가격; 희생, 손실; 들다; 요하다, 희생하다, 잃게 하다","비용, 값, 가격; (시간, 노력 등의) 희생, 손실; (비용, 대가가) 들다; (시간, 노력 등을) 요하다, (어떤 것을) 희생하다, 잃게 하다"
intermediate,13,,22,costly,derived,값비싼; 손실이 큰,값비싼; 손실[희생]이 큰
intermediate,13,,23,steady,headword,"꾸준한, 지속적인; 안정된, 흔들리지 않는","꾸준한, 지속적인; 안정된, 흔들리지 않는"
intermediate,13,,24,steadily,derived,꾸준히,꾸준히
intermediate,13,,25,unsteady,derived,불안정한,불안정한
intermediate,13,,26,system,headword,"체계, 체제, 방식, 시스템","체계, 체제, 방식, 시스템"
intermediate,13,,27,systematic,derived,"조직적인, 체계적인","조직적인, 체계적인"
intermediate,13,,28,systematize,derived,"조직화하다, 체계화하다","조직화하다, 체계화하다"
intermediate,13,,29,systemic,derived,조직의; 온 몸의,조직의; 온 몸의
intermediate,13,,30,constitute,headword,"구성하다; ...로 간주되다; 설립하다, 제정하다","구성하다; ...로 간주되다; 설립하다, 제정하다"
intermediate,13,,31,constitution,derived,"헌법; 체격, 체질; 구성, 구조, 조직","헌법; 체격, 체질; 구성, 구조, 조직"
intermediate,13,,32,institute,headword,"학회, 협회, 연구소; 제정하다, 도입하다","학회, 협회, 연구소; (제도, 절차 등을) 제정하다, 도입하다"
intermediate,13,,33,institution,derived,"기관; 제도, 관례; 제정, 설립","(병원, 대학 등의) (공공) 기관[시설]; (사회) 제도, 관례; 제정, 설립"
intermediate,13,,34,institutional,derived,"제도의, 규정된; 기관의","제도(상)의, 규정된; 기관의"
intermediate,13,,35,substitute,headword,"대체하다, 바꾸다; 대신하다; 대용품, 대리인","대체하다, 바꾸다; (일 등을) 대신하다; 대용품, 대리인"
intermediate,13,,36,substitution,derived,"대리, 대체, 대용","대리, 대체, 대용"
intermediate,13,,37,destination,headword,"목적지, 행선지","목적지, 행선지"
intermediate,13,,38,destined,derived,"...할 운명의, ...하기로 되어 있는; ...행의","...할 운명의, ...하기로 되어 있는; ...행(行)의"
intermediate,13,,39,destiny,derived,"운명, 숙명","운명, 숙명"
intermediate,13,,40,superstition,headword,미신,미신
intermediate,13,,41,superstitious,derived,미신적인,미신적인
intermediate,13,,42,contain,headword,"포함하다, 함유하다, 수용하다, 담다","포함하다, 함유하다, 수용하다, 담다"
intermediate,13,,43,container,derived,"그릇, 용기; 컨테이너","그릇, 용기; 컨테이너"
intermediate,13,,44,entertain,headword,"즐겁게 하다; 대접하다, 환대하다","즐겁게 하다; 대접하다, 환대하다"
intermediate,13,,45,entertainment,derived,"오락, 연예; 대접, 환대","(영화, 공연 등의) 오락, 연예; 대접, 환대"
intermediate,13,,46,entertainer,derived,"연예인, 엔터테이너","연예인, 엔터테이너"
intermediate,13,,47,obtain,headword,"얻다, 획득하다","얻다, 획득하다"
intermediate,13,,48,retain,headword,"보유하다, 유지하다; 기억하다","보유하다, 유지하다; (정보 등을) 기억하다"
intermediate,13,,49,sustain,headword,"유지하다, 지속시키다; 겪다, 입다; 떠받치다, 지지하다","유지하다, 지속시키다; (손해, 부상 등을) 겪다, 입다; (무게를) 떠받치다, (의견 등을) 지지하다"
intermediate,13,,50,sustainable,derived,지속 가능한,지속[유지] 가능한
intermediate,13,,51,content,headword,"내용; 목차; 용량, 함유량; 주제, 콘텐츠, 이야기; 만족한; 만족시키다","내용(물); 목차; 용량, 함유량; (연설, 문서, 영화 속의) 주제, 콘텐츠, 이야기; 만족한; 만족시키다"
intermediate,13,,52,contentment,derived,만족,만족
intermediate,13,,53,continent,headword,"대륙, 육지","대륙, 육지"
intermediate,13,,54,continental,derived,"대륙의, 대륙성의","대륙의, 대륙성의"
intermediate,13,,55,continue,headword,계속하다; 계속되다; 다시 시작하다; 재개되다,계속하다; 계속되다; (중단한 후에) 다시 시작하다; 재개되다
intermediate,13,,56,continuous,derived,"끊임없는, 계속적인","끊임없는, 계속적인"
intermediate,13,,57,continual,derived,"반복되는, 빈번한","반복[거듭]되는, 빈번한"
intermediate,14,,1,move,headword,"움직이다, 이동하다; 이사하다; 진행되다; 감동시키다; 움직임, 이동; 조치, 행동","움직이다, 이동하다; 이사하다; 진행[진척]되다; 감동시키다; 움직임, 이동; 조치, 행동"
intermediate,14,,2,movement,derived,"움직임, 이동; 진전; 운동","움직임, 이동; 진전; (개인, 단체의 조직적인) 운동"
intermediate,14,,3,moving,derived,"감동시키는; 움직이는, 이동하는","감동시키는; 움직이는, 이동하는"
intermediate,14,,4,motive,headword,"동기, 자극; 움직이게 하는, 원동력이 되는","(행위의) 동기, 자극; 움직이게 하는, 원동력이 되는"
intermediate,14,,5,motivate,derived,"동기를 부여하다, 자극하다","동기를 부여하다, 자극하다"
intermediate,14,,6,motivation,derived,"동기 부여, 자극; 열의","동기 부여, 자극; 열의"
intermediate,14,,7,motion,headword,"움직임, 흔들림; 동작; 동작을 하다","움직임, 흔들림; 동작; 동작을 하다"
intermediate,14,,8,motionless,derived,"움직임이 없는, 가만히 있는","움직임이 없는, 가만히 있는"
intermediate,14,,9,emotion,headword,"감정, 정서","감정, 정서"
intermediate,14,,10,emotional,derived,"감정의; 감정적인, 정서적인","감정의; 감정적인, 정서적인"
intermediate,14,,11,promote,headword,"장려하다, 촉진하다; 승진시키다; 홍보하다","장려하다, 촉진하다; 승진[승격]시키다; (상품, 행사 등을) 홍보하다"
intermediate,14,,12,promotion,derived,"승진, 승격; 판촉, 홍보; 촉진, 장려","승진, 승격; 판촉, 홍보; 촉진, 장려"
intermediate,14,,13,remote,headword,"동떨어진, 외진; 먼; 희박한; 원격 조정의","(위치상) 동떨어진, 외진; (시간, 관계 등이) 먼; (가능성이) 희박한; 원격 조정의"
intermediate,14,,14,moment,headword,"순간, 찰나; 때, 시기","순간, 찰나; (특정한) 때, 시기"
intermediate,14,,15,momentary,derived,"순간의, 찰나의","순간의, 찰나의"
intermediate,14,,16,momentarily,derived,"잠깐, 금방","잠깐, 금방"
intermediate,14,,17,mobile,headword,"이동성의, 이동식의; 유동적인; 움직이는 조각, 모빌; 휴대전화","이동성의, 이동식의; (직업, 지역, 계층 등이) 유동적인; 움직이는 조각, (실내 장식용) 모빌; 휴대전화"
intermediate,14,,18,mobility,derived,유동성; 이동성,(사회적) 유동성; 이동성
intermediate,14,,19,conserve,headword,"보존하다, 보호하다","보존하다, 보호하다"
intermediate,14,,20,conservation,derived,"보존, 보호","보존, 보호"
intermediate,14,,21,conservative,derived,보수적인,보수적인
intermediate,14,,22,deserve,headword,...을 받을 만하다,...을 받을 만하다
intermediate,14,,23,preserve,headword,"보호하다, 보존하다; 유지하다","보호하다, 보존하다; 유지하다"
intermediate,14,,24,preservation,derived,"보호, 보존; 유지","보호, 보존; 유지"
intermediate,14,,25,preservative,derived,방부제,방부제
intermediate,14,,26,reserve,headword,"예약하다; 남겨 두다, 비축하다; 비축","예약하다; 남겨 두다, 비축하다; 비축[예비](품)"
intermediate,14,,27,reservation,derived,예약,예약
intermediate,14,,28,reserved,derived,내성적인,내성적인
intermediate,14,,29,observe,headword,"알아채다; 관찰하다; 지키다, 준수하다; 말하다, 진술하다","(...을 보고) 알아채다; 관찰[주시]하다; (법, 관습 등을) 지키다, 준수하다; (관찰한 바를) 말하다, 진술하다"
intermediate,14,,30,observer,derived,"관찰자, 감시자; 참관인","관찰자, 감시자; (회의의) 참관인"
intermediate,14,,31,observation,derived,"관찰, 관측","관찰, 관측"
intermediate,14,,32,observance,derived,준수,"(법, 관습 등의) 준수"
intermediate,14,,33,observatory,derived,"관측소, 기상대","관측소, 기상대"
intermediate,14,,34,spectacle,headword,"구경거리, 장관; 안경","구경거리, 장관; 안경"
intermediate,14,,35,spectacular,derived,"장관, 구경거리","장관(의), 구경거리(의)"
intermediate,14,,36,spectator,derived,"관중, 구경꾼","(스포츠 경기 등의) 관중, 구경꾼"
intermediate,14,,37,aspect,headword,"측면, 국면; 방향, 면; 모습, 외관","(상황, 문제 등의) 측면, 국면; (사물 등의) 방향, 면; 모습, 외관"
intermediate,14,,38,expect,headword,"기대하다, 예기하다, 기다리다; 생각하다","기대하다, 예기[예상]하다, 기다리다; (...라고) 생각하다"
intermediate,14,,39,expectation,derived,"기대, 예상","기대, 예상"
intermediate,14,,40,unexpected,derived,"예기치 않은, 뜻밖의","예기치 않은, 뜻밖의"
intermediate,14,,41,inspect,headword,"조사하다, 검사하다; 사찰하다, 감사하다","조사하다, 검사하다; (건물, 기구 등을) 사찰하다, 감사하다"
intermediate,14,,42,inspection,derived,"조사, 검사; 사찰, 감사","조사, 검사; 사찰, 감사"
intermediate,14,,43,inspector,derived,"조사자, 검열관","조사자, 검열관"
intermediate,14,,44,prospect,headword,"전망, 예상, 기대; 가능성; 조망, 경치","(장래의) 전망, 예상, 기대; (성공할) 가능성; 조망, 경치"
intermediate,14,,45,prospective,derived,"기대되는, 장래의; 곧 있을, 다가오는","기대되는, 장래의; 곧 있을, 다가오는"
intermediate,14,,46,respect,headword,"존경, 존중; 측면, 점, 사항; 존경하다, 존중하다; 준수하다, 지키다","존경, 존중; 측면, 점, 사항; 존경하다, 존중하다; (법 등을) 준수하다, 지키다"
intermediate,14,,47,respectful,derived,"존경하는, 공손한","존경[존중]하는, 공손한"
intermediate,14,,48,respectable,derived,"존경할 만한, 훌륭한; 꽤 괜찮은","존경할 만한, 훌륭한; 꽤 괜찮은"
intermediate,14,,49,respective,derived,"각각의, 저마다의, 각자의","각각의, 저마다의, 각자의"
intermediate,14,,50,suspect,headword,"의심하다, 혐의를 두다, ...라고 생각하다; 용의자, 요주의 인물","의심하다, 혐의를 두다, ...라고 생각하다; 용의자, 요주의 인물"
intermediate,14,,51,suspicion,derived,"의심, 혐의","의심, 혐의"
intermediate,14,,52,suspicious,derived,"의심스러운, 수상한","의심스러운, 수상한"
intermediate,14,,53,species,headword,종; 종류,(생물 분류상의) 종(種); (일반적으로) 종류
intermediate,14,,54,specific,headword,"특정한; 구체적인, 자세한","특정한; 구체적인, 자세한"
intermediate,14,,55,specifically,derived,"특히, 특별히; 구체적으로","특히, 특별히; 구체적으로"
intermediate,14,,56,specification,derived,"열거, 명세 사항; 설명서","열거, 명세 사항; (상세한) 설명서"
intermediate,14,,57,special,headword,특별한,특별한
intermediate,14,,58,specialist,derived,전문가,전문가
intermediate,14,,59,specialize,derived,"전문으로 하다, 전공하다","(...을) 전문으로 하다, 전공하다"
intermediate,14,,60,specially,derived,"특별히, 특별하게","(특정 목적을 위해) 특별히, 특별하게"
intermediate,14,,61,despite,headword,...에도 불구하고,...에도 불구하고
intermediate,15,,1,abstract,headword,"추상적인; 이론적인; 추출하다; 요약하다; 추상; 요약, 발췌","추상적인; 이론적인; 추출하다; 요약하다; 추상; 요약, 발췌"
intermediate,15,,2,attract,headword,"끌다, 끌어당기다, 매혹하다","(주의, 흥미 등을) 끌다, 끌어당기다, 매혹하다"
intermediate,15,,3,attractive,derived,"매력적인, 마음을 끄는","매력적인, 마음을 끄는"
intermediate,15,,4,attraction,derived,"매력; 명소, 명물","매력; 명소, 명물"
intermediate,15,,5,contract,headword,"계약을 맺다; 수축하다, 줄다; 수축시키다, 줄이다; 계약","계약을 맺다; 수축하다, 줄다; 수축시키다, 줄이다; 계약(서)"
intermediate,15,,6,contraction,derived,"수축, 축소","수축, 축소"
intermediate,15,,7,distract,headword,"흐트러뜨리다, 산만하게 하다","(마음, 주의 등을) 흐트러뜨리다, 산만하게 하다"
intermediate,15,,8,distraction,derived,"주의 산만, 정신이 흐트러짐; 기분 전환, 오락 활동","주의 산만, 정신이 흐트러짐; 기분 전환, 오락 활동"
intermediate,15,,9,extract,headword,"뽑아내다, 추출하다; 발췌하다; 추출물; 발췌","뽑아내다, 추출하다; 발췌하다; 추출물; 발췌"
intermediate,15,,10,extraction,derived,추출,추출 (과정)
intermediate,15,,11,treat,headword,"대하다, 다루다; 치료하다; 대접하다, 한턱내다; 특별한 것; 대접, 한턱","대(우)하다, 다루다; 치료하다; 대접하다, 한턱내다; 특별한 것[선물]; 대접, 한턱"
intermediate,15,,12,treatment,derived,"치료; 대우, 처우","치료; 대우, 처우"
intermediate,15,,13,treaty,headword,"조약, 협정","(국가 간의) 조약, 협정"
intermediate,15,,14,retreat,headword,"후퇴하다, 물러서다; 철회하다, 바꾸다; 후퇴, 퇴각; 철회","후퇴하다, 물러서다; (생각, 결정, 태도 등을) 철회하다, 바꾸다; 후퇴, 퇴각; 철회"
intermediate,15,,15,trace,headword,"추적하다, 자국을 따라가다; 밝혀내다, 알아내다; 자국, 자취","추적하다, 자국을 따라가다; (유래, 출처, 원인 등을) 밝혀내다, 알아내다; 자국, 자취"
intermediate,15,,16,track,headword,"통로, 오솔길; 지나간 자국, 흔적; 철도, 선로; 경주로, 트랙; 자취를 따라가다","통로, 오솔길; 지나간 자국, 흔적; 철도, 선로; 경주로, 트랙; 자취를 따라가다"
intermediate,15,,17,trail,headword,"질질 끌다; 끌리다; 추적하다, 흔적을 쫓다; 오솔길, 작은 길; 자국, 흔적, 실마리","질질 끌다; 끌리다; 추적하다, 흔적을 쫓다; 오솔길, 작은 길; 자국, 흔적, 실마리"
intermediate,15,,18,trait,headword,"특성, 특징","특성, 특징"
intermediate,15,,19,portray,headword,"묘사하다, 표현하다","묘사하다, 표현하다"
intermediate,15,,20,portrait,derived,"초상화, 인물 사진; 묘사","초상화, 인물 사진; (대상에 대한 상세한) 묘사"
intermediate,15,,21,generate,headword,"생산하다, 일으키다; 발생시키다","생산[창출]하다, 일으키다; (전기 등을) 발생시키다"
intermediate,15,,22,generation,derived,"세대, 일대; 발생","세대, 일대(一代); 발생"
intermediate,15,,23,generous,headword,"관대한, 인색하지 않은; 풍부한","(성품이) 관대한, 인색하지 않은; (크기, 양 등이) 풍부한"
intermediate,15,,24,generosity,derived,"관대함, 인심이 좋음","관대함, 인심이 좋음"
intermediate,15,,25,general,headword,"일반적인, 보편적인; 대체적인, 대략적인; 전체적인, 전반적인; 장군, 장성, 대장","일반적인, 보편적인; 대체적인, 대략적인; 전체적인, 전반적인; 장군, 장성, 대장"
intermediate,15,,26,generally,derived,"일반적으로, 대개","일반적으로, 대개"
intermediate,15,,27,generalize,derived,일반화하다,일반화하다
intermediate,15,,28,gender,headword,"성, 성별","성, 성별"
intermediate,15,,29,genderless,derived,성별 구분이 없는,성별 구분이 없는
intermediate,15,,30,gene,headword,유전자,유전자
intermediate,15,,31,genetic,headword,유전의; 유전학의,유전의; 유전학의
intermediate,15,,32,genetics,derived,유전학,유전학
intermediate,15,,33,genetically,derived,유전적으로; 유전학적으로,유전적으로; 유전학적으로
intermediate,15,,34,genius,headword,천재,천재(적 재능)
intermediate,15,,35,gentle,headword,"온화한, 상냥한, 친절한; 적당한, 부드러운, 완만한","온화한, 상냥한, 친절한; 적당한, 부드러운, 완만한"
intermediate,15,,36,gently,derived,"다정하게, 부드럽게","다정하게, 부드럽게"
intermediate,15,,37,genuine,headword,"진짜의, 진품의; 진실된, 진정한","진짜의, 진품의; 진실된, 진정한"
intermediate,15,,38,congenital,headword,"선천적인; 타고난, 천성의","(병, 장애 등이) 선천적인; (기질, 특성 등이) 타고난, 천성의"
intermediate,15,,39,pregnant,headword,"임신한; 품은, 내포하고 있는","임신한; (의미, 중요성 등을) 품은, 내포하고 있는"
intermediate,15,,40,pregnancy,derived,임신,임신
intermediate,16,,1,create,headword,"창조하다, 창작하다, 만들어내다","창조하다, 창작하다, 만들어내다"
intermediate,16,,2,creation,derived,"창조, 창작","창조(물), 창작(물)"
intermediate,16,,3,creative,derived,"창조적인, 창의적인, 독창적인","창조적인, 창의적인, 독창적인"
intermediate,16,,4,creature,derived,"생물, 동물; 창조물; 괴물","(생명이 있는) 생물, 동물; 창조물; (상상의) 괴물"
intermediate,16,,5,creator,derived,"창조자; 조물주, 신","창조[창작]자; 조물주, 신"
intermediate,16,,6,recreate,headword,"다시 만들어내다, 재현하다; 기분을 전환시키다","다시 만들어내다, 재현하다; 기분을 전환시키다"
intermediate,16,,7,recreation,derived,"재창조, 재현; 기분 전환 , 레크리에이션","재창조, 재현; 기분 전환 (활동), 레크리에이션"
intermediate,16,,8,increase,headword,"증가하다, 늘다; 증가시키다, 늘리다; 증가","(수량, 정도 등이[을]) 증가하다, 늘다; 증가시키다, 늘리다; 증가"
intermediate,16,,9,increasingly,derived,"점점 더, 더욱 더","점점 더, 더욱 더"
intermediate,16,,10,decrease,headword,"감소하다, 줄다; 감소시키다, 줄이다; 감소, 축소","(수량, 정도 등이[을]) 감소하다, 줄다; 감소시키다, 줄이다; 감소, 축소"
intermediate,16,,11,concrete,headword,"구체적인, 확실한; 콘크리트로 만든; 콘크리트","구체적인, 확실한; 콘크리트로 만든; 콘크리트"
intermediate,16,,12,recruit,headword,"채용하다, 모집하다; 신병, 신입 사원","(조직, 군대 등에 사람을) 채용하다, 모집하다; 신병, 신입 사원"
intermediate,16,,13,recruitment,derived,"신규 모집, 신병 모집","신규 모집[채용], 신병 모집"
intermediate,16,,14,advent,headword,"도래, 출현, 등장","도래, 출현, 등장"
intermediate,16,,15,adventure,headword,"모험, 색다른 경험","모험(심), 색다른 경험"
intermediate,16,,16,adventurous,derived,"모험을 좋아하는, 대담한; 모험적인","모험을 좋아하는, 대담한; 모험적인"
intermediate,16,,17,venture,headword,"사업, 벤처 사업; 위험을 무릅쓰고 ...하다, 과감히 ...하다","(위험이 따르는) 사업, 벤처 사업; 위험을 무릅쓰고 ...하다, 과감히 ...하다"
intermediate,16,,18,convention,headword,"집회, 모임; 협정, 협약; 관습, 인습","집회, 모임; 협정, 협약; 관습, 인습"
intermediate,16,,19,conventional,derived,"관습적인, 전통적인; 틀에 박힌, 상투적인","관습적인, 전통적인; 틀에 박힌, 상투적인"
intermediate,16,,20,event,headword,"사건; 행사, 이벤트, 종목","(중요한) 사건; (공연 등의) 행사, 이벤트, (경기) 종목"
intermediate,16,,21,eventual,derived,"최종적인, 최후의","최종적인, 최후의"
intermediate,16,,22,eventually,derived,"결국, 마침내","결국, 마침내"
intermediate,16,,23,invent,headword,"발명하다, 고안하다; 조작하다, 꾸며내다","발명하다, 고안하다; (이야기, 변명 등을) 조작하다, 꾸며내다"
intermediate,16,,24,invention,derived,발명,발명(품); 꾸며낸 이야기
intermediate,16,,25,inventor,derived,발명가,발명가
intermediate,16,,26,inventive,derived,"창의력이 있는, 독창적인","창의력이 있는, 독창적인"
intermediate,16,,27,prevent,headword,"막다, 예방하다, 방해하다","막다, 예방하다, 방해하다"
intermediate,16,,28,prevention,derived,"예방, 저지","예방, 저지"
intermediate,16,,29,preventive,derived,"예방의, 방지하는","예방의, 방지하는"
intermediate,16,,30,intervention,headword,"사이에 듦, 조정, 중재; 개입, 간섭","사이에 듦, 조정, 중재; 개입, 간섭"
intermediate,16,,31,intervene,derived,"중재하다, 개입하다; 끼어들다, 방해하다; 사이에 일어나다","(언쟁, 싸움 등을) 중재하다, 개입하다; 끼어들다, 방해하다; (사건 등이) 사이에 일어나다"
intermediate,16,,32,avenue,headword,"대로, 길, ...가; 수단, 방법","대로, 길, (거리 이름으로) ...가(街); (성취를 위한) 수단, 방법"
intermediate,16,,33,convenient,headword,"편리한, 사용하기 쉬운; 가까운","편리한, 사용하기 쉬운; (장소가) 가까운"
intermediate,16,,34,convenience,derived,"편리, 편의","편리(한 물건), 편의"
intermediate,16,,35,souvenir,headword,"기념품, 기념 선물","기념품, 기념 선물"
intermediate,16,,36,medium,headword,"매체, 수단; 매개; 중간의; 중간 정도로 구워진","(전달 등의) 매체, 수단; 매개(물); 중간의; (고기 따위가) 중간 정도로 구워진"
intermediate,16,,37,medieval(mediaeval),headword,"중세의, 중세풍의","중세의, 중세풍의"
intermediate,16,,38,mediate,headword,"조정하다, 중재하다, 화해시키다","조정하다, 중재하다, 화해시키다"
intermediate,16,,39,mediation,derived,"조정, 중재, 매개","조정, 중재, 매개"
intermediate,16,,40,mediator,derived,"조정인, 중재인, 매개자","조정인, 중재인, 매개자"
intermediate,16,,41,immediate,headword,"즉시의, 즉각의; 시급한, 당면한","즉시의, 즉각의; 시급한, 당면한"
intermediate,16,,42,immediately,derived,"즉시, 곧","즉시, 곧"
intermediate,16,,43,intermediate,headword,"중간의, 중간 단계의; 중급의; 중급자","중간의, 중간 단계의; 중급의; (학생, 선수 등) 중급자"
intermediate,16,,44,mean,headword,"의미하다; 의도하다; 비열한, 못된, 심술궂은","의미하다; 의도하다; 비열한, 못된, 심술궂은; 인색한; (신분이) 천한, 초라한; 평균의"
intermediate,16,,45,meaning,derived,"의미, 뜻","의미, 뜻"
intermediate,16,,46,means,derived,수단,"수단, 방법"
intermediate,16,,47,meanwhile,headword,"그동안에, 그 사이에; 한편으로는","그동안에, 그 사이에; 한편으로는"
intermediate,16,,48,midst,headword,"중앙, 한가운데","중앙, 한가운데"
intermediate,17,,1,vision,headword,"시력, 시야; 통찰력, 직감력; 미래상, 비전; 환영, 환상","시력, 시야; 통찰력, 직감력; 미래상, 비전; 환영, 환상"
intermediate,17,,2,visible,derived,"눈에 보이는; 분명한, 명백한; 눈에 띄는, 두드러진","눈에 보이는; 분명한, 명백한; 눈에 띄는, 두드러진"
intermediate,17,,3,visual,derived,시각의; 눈으로 보는,시각[시력]의; 눈으로 보는
intermediate,17,,4,revise,headword,"변경하다, 고치다; 수정하다; 복습하다","(의견, 계획 등을) 변경하다, 고치다; (책, 내용 등을) 수정[교정/개정]하다; 복습하다"
intermediate,17,,5,revision,derived,"수정 , 교정, 개정; 복습","수정 (사항), 교정, 개정; 복습"
intermediate,17,,6,advise,headword,"조언하다, 충고하다, 권하다","조언하다, 충고하다, 권하다"
intermediate,17,,7,advice,derived,"조언, 충고","조언, 충고"
intermediate,17,,8,supervise,headword,"감독하다, 관리하다, 지휘하다","(일, 사람 등을) 감독하다, 관리하다, 지휘하다"
intermediate,17,,9,supervisor,derived,"감독관, 관리자","감독관, 관리자"
intermediate,17,,10,evidence,headword,증거,증거
intermediate,17,,11,evident,derived,"분명한, 명백한","분명한, 명백한"
intermediate,17,,12,provide,headword,공급하다; 준비하다; 부양하다; 규정하다,공급[제공]하다; 준비[대비]하다; 부양하다; 규정하다
intermediate,17,,13,provision,derived,"공급, 제공; 준비, 대비; 식량; 규정, 조항","공급, 제공; 준비, 대비; 식량; 규정, 조항(법)"
intermediate,17,,14,provided,derived,만약 ...이면,만약 ...이면
intermediate,17,,15,view,headword,"관점, 견해; 시야; 경관, 경치; ...라고 생각하다, 간주하다; 보다","관점, 견해; 시야; 경관, 경치; ...라고 생각하다, 간주하다; 보다"
intermediate,17,,16,viewer,derived,"시청자, 보는 사람","시청자, 보는 사람"
intermediate,17,,17,viewpoint,derived,"관점, 견지, 입장","관점, 견지, 입장"
intermediate,17,,18,interview,headword,면접; 회견하다,"(직장, 학교 등에서) 면접(하다[보다); 회견[인터뷰]하다"
intermediate,17,,19,interviewer,derived,"면접관, 인터뷰 진행자","면접관, 인터뷰 진행자"
intermediate,17,,20,interviewee,derived,면접 대상자,면접[인터뷰] 대상자
intermediate,17,,21,review,headword,"재검토, 재조사; 비평, 논평, 리뷰; 복습; 재검토하다; 비평하다; 복습하다","재검토, 재조사; 비평, 논평, 리뷰; 복습; 재검토[재조사]하다; 비평[논평]하다; 복습하다"
intermediate,17,,22,envy,headword,"선망, 질투; 부러워하다, 질투하다","선망, 질투; 부러워하다, 질투하다"
intermediate,17,,23,envious,derived,"부러워하는, 질투하는","부러워하는, 질투하는"
intermediate,17,,24,survey,headword,조사; 측량; 조사하다; 측량하다,(질문 등을 통한) 조사; (토지 등의) 측량; 조사하다; 측량하다
intermediate,17,,25,acquire,headword,"획득하다, 얻다; 배우다, 얻다, 습득하다","획득하다, 얻다; (지식, 기술 등을) 배우다, 얻다, 습득하다"
intermediate,17,,26,acquisition,derived,"획득, 취득","획득(물), 취득(물)"
intermediate,17,,27,require,headword,"필요로 하다; 요구하다, 규정하다","필요로 하다; (법, 규칙 등이) 요구하다, 규정하다"
intermediate,17,,28,requirement,derived,"필요 조건, 요건, 자격; 필요한 것","필요 조건, 요건, 자격; 필요한 것"
intermediate,17,,29,inquire(enquire),headword,"묻다, 질문하다; 조사하다","묻다, 질문하다; 조사하다"
intermediate,17,,30,inquiry(enquiry),derived,"문의, 질문; 조사","문의, 질문; 조사"
intermediate,17,,31,conquer,headword,정복하다; 이기다; 극복하다,정복하다; (적 등을) 이기다; (어려움 등을) 극복하다
intermediate,17,,32,conquest,derived,"정복, 극복; 획득; 점령지","정복, 극복; 획득; 점령지"
intermediate,17,,33,request,headword,"요청, 요구","요청(하다), 요구(하다)"
intermediate,17,,34,exquisite,headword,"매우 아름다운; 정교한; 강렬한, 예리한","매우 아름다운; 정교한; (느낌이) 강렬한, (감각이) 예리한"
intermediate,17,,35,conduct,headword,"하다, 실시하다; 인도하다, 안내하다, 이끌다; 지휘하다; 처신하다; 처신, 행동; 수행, 실시","(조사, 연구 등을) 하다, 실시하다; 인도하다, 안내하다, 이끌다; 지휘하다; 처신하다; 처신, 행동; 수행, 실시"
intermediate,17,,36,conductor,derived,지휘자; 차장,"지휘자; (열차, 버스 등의) 차장"
intermediate,17,,37,deduct,headword,"빼다, 공제하다","빼다, 공제하다"
intermediate,17,,38,deduction,derived,"공제; 추론, 연역","공제(액); 추론, 연역(법)"
intermediate,17,,39,educate,headword,"교육하다, 가르치다","교육하다, 가르치다"
intermediate,17,,40,education,derived,교육,교육
intermediate,17,,41,educational,derived,"교육의, 교육적인","교육의, 교육적인"
intermediate,17,,42,educator,derived,"교육자, 교사","교육자, 교사"
intermediate,17,,43,deduce,headword,"추론하다, 연역하다","추론하다, 연역하다"
intermediate,17,,44,induce,headword,"설득하여 ...하게 하다, 유도하다; 야기하다, 일으키다; 귀납하다","설득하여 ...하게 하다, 유도하다; 야기하다, 일으키다; 귀납하다"
intermediate,17,,45,induction,derived,"도입, 유발; 귀납","도입, 유발; 귀납(법)"
intermediate,17,,46,inducement,derived,"권유, 유도","권유, 유도[유인](하는 것)"
intermediate,17,,47,reduce,headword,"감소시키다, 줄이다, 낮추다","감소시키다, 줄이다, 낮추다"
intermediate,17,,48,reduction,derived,"감소, 축소, 삭감","감소, 축소, 삭감(액)"
intermediate,17,,49,introduce,headword,"소개하다; 도입하다, 들여오다","(...에게 ~을) 소개하다; (제도, 물건 등을) 도입하다, 들여오다"
intermediate,17,,50,introduction,derived,소개; 도입,소개; 도입; (책의) 서론; (학문의) 개론[입문]서
intermediate,18,,1,pose,headword,"제기하다, 야기하다; 포즈를 취하다; 포즈, 자세","(이의, 문제, 위험 등을) 제기하다, 야기하다; 포즈[자세]를 취하다; 포즈, 자세"
intermediate,18,,2,position,headword,"위치, 자리; 자세; 입장, 처지; 일자리, 직위; ...에 두다, 배치하다, 자리를 잡다","위치, 자리; 자세; 입장, 처지; 일자리, 직위; ...에 두다, 배치하다, 자리를 잡다"
intermediate,18,,3,positive,headword,"긍정적인, 적극적인; 승낙의, 찬성의; 분명한, 확실한; 확신하는; 양수의; 양성의; 양전극의","긍정적인, 적극적인; 승낙의, 찬성의; 분명한, 확실한; 확신하는; 양수의; 양성의; 양전극의"
intermediate,18,,4,positively,derived,긍정적으로; 명확하게,긍정적으로; 명확하게
intermediate,18,,5,post,headword,"우편; 직책, 직; 기둥; 게시글, 포스트; 신문의 이름; 우편물을 발송하다; 배치하다; 게시하다, 올리다","우편(물); 직책, (근무) 직; 기둥; (인터넷의) 게시글, 포스트; 신문의 이름; 우편물을 발송하다; (근무지에) 배치하다; (게시판, 웹사이트 등에) 게시하다, 올리다"
intermediate,18,,6,poster,derived,"포스터, 벽보; 게시자","포스터, 벽보; 게시자"
intermediate,18,,7,deposit,headword,"계약금, 예약금, 보증금; 예금; 퇴적물, 침전물; 놓다, ...에 두다; 예금하다; 퇴적시키다, 침전시키다","계약금, 예약금, 보증금; (은행) 예금(액); 퇴적물, 침전물; (물건 등을) 놓다, ...에 두다; 예금하다; 퇴적시키다, 침전시키다"
intermediate,18,,8,impose,headword,부과하다; 강요하다,"(의무, 세금, 벌 등을) 부과하다; 강요하다"
intermediate,18,,9,imposition,derived,"부과, 과세","부과(물), 과세"
intermediate,18,,10,purpose,headword,"목적, 의도, 의향","목적, 의도, 의향"
intermediate,18,,11,oppose,headword,"...에 반대하다; ...에 저항하다, 대립하다","...에 반대하다; ...에 저항[대항]하다, 대립하다"
intermediate,18,,12,opposite,derived,"정반대의; 반대쪽의, 마주 보는; 반대의 사람","정반대의; 반대쪽의, 마주 보는; 반대의 사람[물건]"
intermediate,18,,13,opposition,derived,"반대; 상대방, 반대측, 야당","반대; 상대방, 반대측, 야당"
intermediate,18,,14,suppose,headword,"추측하다, 생각하다; 가정하다, 상상하다","추측하다, 생각하다; 가정하다, 상상하다"
intermediate,18,,15,supposedly,derived,"추측건대, 아마도","추측건대, 아마도"
intermediate,18,,16,postpone,headword,"연기하다, 뒤로 미루다","연기하다, 뒤로 미루다"
intermediate,18,,17,component,headword,"구성 요소, 성분; 구성하는","구성 요소, 성분; 구성하는"
intermediate,18,,18,opponent,headword,"상대, 적, 반대자","(경쟁, 논쟁 등의) 상대, 적, 반대자"
intermediate,18,,19,compound,headword,"혼합하다, 합성하다; 악화시키다; 혼합물, 합성물, 화합물; 합성어; 합성의","혼합하다, 합성하다; (좋지 않은 일을) 악화시키다; 혼합물, 합성물, 화합물; 합성어; 합성의"
intermediate,18,,20,habit,headword,"습관, 버릇","(몸에 밴) 습관, 버릇"
intermediate,18,,21,habitual,derived,"습관적인, 상습적인","습관적인, 상습적인"
intermediate,18,,22,habitually,derived,"습관적으로, 늘, 으레","습관적으로, 늘, 으레"
intermediate,18,,23,inhabit,headword,"살다, 서식하다, 거주하다","(...에) 살다, 서식하다, 거주하다"
intermediate,18,,24,inhabitant,derived,"주민, 거주자; 서식 동물","주민, 거주자; 서식 동물"
intermediate,18,,25,habitat,headword,"서식지, 번식지; 거주지","(동식물의) 서식지, 번식지; 거주지"
intermediate,18,,26,habitable,derived,"살 수 있는, 거주할 수 있는","살 수 있는, 거주할 수 있는"
intermediate,18,,27,exhibit,headword,"전시하다, 진열하다; 보이다, 드러내다; 전시, 진열","전시하다, 진열하다; 보이다, 드러내다; 전시(품), 진열(품)"
intermediate,18,,28,exhibition,derived,"전시, 전람회","전시(회), 전람회"
intermediate,18,,29,prohibit,headword,"금지하다, 제지하다","(법, 규칙 등으로) 금지하다, 제지하다"
intermediate,18,,30,prohibition,derived,금지,금지(령)
intermediate,18,,31,inhibit,headword,"억제하다, 못하게 막다","억제하다, 못하게 막다"
intermediate,18,,32,inhibition,derived,"억제, 금지","억제, 금지"
intermediate,18,,33,behave,headword,행동하다; 예의 바르게 행동하다,(어떤 방식으로) 행동하다; 예의 바르게 행동하다
intermediate,18,,34,behavior(behaviour),derived,"행동, 행실; 행동 방식","행동, 행실; 행동 방식"
intermediate,18,,35,behavioral,derived,"행동의, 행동에 관한","행동의, 행동에 관한"
intermediate,18,,36,misbehave,derived,버릇 없이 굴다; 나쁜 짓을 하다,버릇 없이 굴다; 나쁜 짓을 하다
intermediate,18,,37,value,headword,"가치; 유용성, 중요성; 높이 평가하다, 중요시하다; 평가하다","가치; 유용성, 중요성; 높이 평가하다, 중요시하다; (금액으로) 평가하다"
intermediate,18,,38,valuable,derived,"가치 있는, 값비싼; 소중한, 귀중한","가치 있는, 값비싼; 소중한, 귀중한; 귀중품"
intermediate,18,,39,invaluable,derived,귀중한,(가치를 매길 수 없을 정도로) 귀중한
intermediate,18,,40,evaluate,headword,"평가하다, 감정하다, 견적을 내다","(가치, 수량 등을) 평가하다, 감정하다, 견적을 내다"
intermediate,18,,41,evaluation,derived,"평가, 감정, 견적","평가, 감정, 견적"
intermediate,18,,42,valid,headword,"유효한; 타당한, 논리적인","(표, 문서, 계약 등이) 유효한; 타당한, 논리적인"
intermediate,18,,43,validity,derived,타당성,타당성
intermediate,18,,44,validate,derived,입증하다; 유효하게 하다,입증하다; 유효하게 하다
intermediate,18,,45,available,headword,"이용할 수 있는, 쓸모 있는, 입수할 수 있는; 시간이 있는","이용할 수 있는, 쓸모 있는, 입수할 수 있는; (사람을 만날) 시간이 있는"
intermediate,18,,46,availability,derived,"유효성, 유용성","유효성, 유용성"
intermediate,18,,47,prevail,headword,"만연하다, 유행하다; 우세하다, 이기다","(생각, 관습, 현상 등이) 만연하다, 유행하다; 우세하다, 이기다"
intermediate,18,,48,prevalent,derived,"유행하는, 널리 퍼진, 만연한","유행하는, 널리 퍼진, 만연한"
intermediate,18,,49,prevalence,derived,"널리 퍼짐, 유행, 보급","널리 퍼짐, 유행, 보급"
intermediate,19,,1,sign,headword,"징후, 조짐; 신호, 표시; 표지판; 기호; 서명하다; 계약하다; 신호를 보내다","징후, 조짐; 신호, 표시; 표지판; 기호; 서명하다; 계약하다; 신호를 보내다"
intermediate,19,,2,signature,derived,서명; 특징,서명; 특징
intermediate,19,,3,signal,headword,"신호; 신호를 보내다, 암시하다","신호; 신호를 보내다, 암시하다"
intermediate,19,,4,significant,headword,"중대한, 중요한; 상당한, 현저한; 의미심장한","중대한, 중요한; (수, 양 등이) 상당한, 현저한; (표정, 행동 등이) 의미심장한"
intermediate,19,,5,significantly,derived,상당히; 중요하게,상당히; 중요하게
intermediate,19,,6,significance,derived,"중요성, 중대성; 의미","중요성, 중대성; (말, 행동 등의) 의미"
intermediate,19,,7,signify,derived,"의미하다, 나타내다; 중요하다, 영향을 끼치다","의미하다, 나타내다; 중요하다, 영향을 끼치다"
intermediate,19,,8,assign,headword,"임명하다; 할당하다, 부여하다","(임무, 역할 등에) 임명[선임]하다; (일, 사물 등을) 할당하다, 부여하다"
intermediate,19,,9,assignment,derived,"임무, 과제, 숙제; 할당받은 것","임무, 과제, 숙제; 할당받은 것"
intermediate,19,,10,design,headword,"디자인하다; 설계하다; 디자인; 설계, 도안; 계획","디자인하다; 설계[고안]하다; 디자인(된 형태); 설계(도), 도안; 계획"
intermediate,19,,11,designer,derived,"디자이너, 설계자; 유명 디자이너가 만든","디자이너, 설계자; 유명 디자이너가 만든"
intermediate,19,,12,designate,headword,"지정하다; 표시하다, 나타내다; 지정된","지정[지명]하다; 표시하다, 나타내다; 지정[지명]된"
intermediate,19,,13,designation,derived,"지정, 지명; 명칭, 호칭","지정, 지명; 명칭, 호칭"
intermediate,19,,14,resign,headword,사임하다; 포기하고 ...을 받아들이다,사임[사직]하다; 포기하고 ...을 받아들이다
intermediate,19,,15,resignation,derived,"사직, 사임; 체념","사직, 사임; 체념"
intermediate,19,,16,seal,headword,"봉하다; 밀폐하다; 확정하다; 인장, 도장; 봉인; 바다표범, 물개","(편지를) 봉하다; 밀폐[밀봉]하다; 확정하다; 인장, 도장; 봉인; 바다표범, 물개"
intermediate,19,,17,correct,headword,"옳은, 올바른; 적당한; 바로잡다, 정정하다","옳은, 올바른; 적당한; 바로잡다, 정정하다"
intermediate,19,,18,correctly,derived,"바르게, 정확하게","바르게, 정확하게"
intermediate,19,,19,correction,derived,정정한 것; 교정,정정[수정]한 것; 교정
intermediate,19,,20,direct,headword,"직접의, 직접적인; 직행의, 직통의; 돌리다, 향하게 하다; 지도하다, 연출하다; 길을 가르쳐주다; 명령하다, 지시하다","직접의, 직접적인; 직행의, 직통의; (주의, 노력 등을) (...로) 돌리다, 향하게 하다; 지도[감독]하다, (연극, 영화 등을) 연출[감독]하다; 길을 가르쳐주다; 명령하다, 지시하다"
intermediate,19,,21,directly,derived,"곧장, 똑바로; 직접적으로; 즉시, 바로, 곧","곧장, 똑바로; 직접적으로; 즉시, 바로, 곧"
intermediate,19,,22,direction,derived,"방향; 지도, 지시; 연출, 감독","방향; 지도, 지시; (연극, 영화의) 연출, 감독"
intermediate,19,,23,director,derived,"감독자, 연출자, 지도자","감독자, 연출자, 지도자"
intermediate,19,,24,erect,headword,"똑바로 선; 세우다, 짓다","똑바로 선; (똑바로) 세우다, (건물 등을) 짓다"
intermediate,19,,25,rectangular,headword,"직사각형의, 직각의","직사각형의, 직각의"
intermediate,19,,26,rectangle,derived,직사각형,직사각형
intermediate,19,,27,region,headword,"지역, 지방, 지대; 부분","지역, 지방, 지대; (신체의) 부분"
intermediate,19,,28,regional,derived,지역적인,지역적인
intermediate,19,,29,regular,headword,"규칙적인, 정기적인; 보통의, 표준적인","규칙적인, 정기적인; 보통의, 표준적인"
intermediate,19,,30,regularly,derived,"정기적으로, 규칙적으로","정기적으로, 규칙적으로"
intermediate,19,,31,regularity,derived,"정기적임, 규칙적임; 규칙성","정기적임, 규칙적임; 규칙성"
intermediate,19,,32,regulate,headword,"규제하다, 규정하다; 조정하다, 조절하다","(법률, 규칙으로) 규제[통제]하다, 규정하다; (속도, 온도, 압력 등을) 조정하다, 조절하다"
intermediate,19,,33,regulation,derived,"규칙, 규정; 규제, 단속","규칙, 규정; 규제, 단속"
intermediate,19,,34,royal,headword,"왕의, 왕실의; 왕립의","왕의, 왕실의; 왕립의"
intermediate,19,,35,royalty,derived,"왕족; 인세, 사용료, 로열티","왕족; 인세, 사용료, 로열티"
intermediate,19,,36,rule,headword,"규칙, 원칙; 통치, 지배; 통치하다; 결정하다; 긋다","규칙, 원칙; 통치, 지배; 통치[지배]하다; (공식적으로) 결정[판결]하다; (자를 대고 줄을) 긋다"
intermediate,19,,37,ruler,derived,통치자; 자,통치자; (길이를 측정하는) 자
intermediate,19,,38,form,headword,"형태, 모양; 형식, 양식; 종류, 유형; 형성하다; 형성되다","형태, 모양; 형식, 양식; 종류, 유형; 형성하다; 형성되다"
intermediate,19,,39,formal,derived,"격식을 차린; 공식적인, 정식의","격식을 차린; 공식적인, 정식의"
intermediate,19,,40,formation,derived,"형성, 구성; 구조","형성, 구성; 구조"
intermediate,19,,41,inform,headword,"알리다, 통지하다","알리다, 통지하다"
intermediate,19,,42,information,derived,"정보, 지식","정보, 지식"
intermediate,19,,43,informative,derived,"유익한, 정보를 제공하는","유익한, 정보를 제공하는"
intermediate,19,,44,reform,headword,"개혁하다, 개선하다; 개혁되다, 개선되다; 개혁, 개선","개혁하다, 개선하다; 개혁되다, 개선되다; 개혁, 개선"
intermediate,19,,45,reformer,derived,"개혁가, 개혁론자","개혁가, 개혁론자"
intermediate,19,,46,formula,headword,"방식, 방법; 공식, 식","방식, 방법; 공식, 식"
intermediate,19,,47,formulate,derived,"만들어내다, 공식화하다","만들어내다, 공식화하다"
intermediate,19,,48,technique,headword,"기술, 기법, 테크닉; 기교, 솜씨","(학문, 과학 등의) (전문) 기술, 기법, 테크닉; (예술, 스포츠 등의) 기교, 솜씨"
intermediate,19,,49,technical,derived,기술적인; 전문적인,기술적인; 전문적인
intermediate,19,,50,technically,derived,엄밀히 말하면; 기술적으로,엄밀히 말하면; 기술적으로
intermediate,19,,51,technician,derived,기술자,기술자
intermediate,19,,52,technology,headword,과학 기술,과학 기술
intermediate,19,,53,technological,derived,과학 기술의,과학 기술의
intermediate,19,,54,technologist,derived,과학 기술자,과학 기술자
intermediate,20,,1,structure,headword,"구조, 조직, 체계; 건축물, 구조물; 구성하다, 조직화하다","구조, 조직, 체계; 건축물, 구조물; 구성하다, 조직화하다"
intermediate,20,,2,structural,derived,"구조상의, 조직상의","구조상의, 조직상의"
intermediate,20,,3,infrastructure,headword,사회 기반 시설,사회 기반 시설
intermediate,20,,4,construct,headword,"건설하다, 세우다; 만들다, 구성하다; 건축물, 구조물; 생각","건설하다, 세우다; (문장, 글 등을) 만들다, 구성하다; 건축물, 구조물; (복잡한) 생각"
intermediate,20,,5,construction,derived,"건설, 건축 ; 구조; 건축물, 구조물","건설, 건축 (공사); 구조; 건축물, 구조물"
intermediate,20,,6,constructive,derived,"건설적인, 유용한","(의견, 비판 등이) 건설적인, 유용한"
intermediate,20,,7,instruct,headword,"지시하다; 가르치다, 교육하다","(...하라고) 지시하다; 가르치다, 교육하다"
intermediate,20,,8,instruction,derived,"지시; 지침서, 설명서; 가르침, 교육","지시; 지침서, 설명서; 가르침, 교육"
intermediate,20,,9,instructor,derived,"교사, 강사, 지도자; 전임 강사","교사, 강사, 지도자; (대학의) 전임 강사"
intermediate,20,,10,instructive,derived,"유익한, 교육적인","유익한, 교육적인"
intermediate,20,,11,instrument,headword,"기구, 도구; 악기","기구, 도구; 악기"
intermediate,20,,12,instrumental,derived,"도움이 되는, 중요한","도움이 되는, 중요한"
intermediate,20,,13,industry,headword,"산업; 공업, 제조업; 근면","산업; 공업, 제조업; 근면"
intermediate,20,,14,industrial,derived,"산업의, 산업이 발달한","산업의, 산업이 발달한"
intermediate,20,,15,industrialize,derived,산업화하다,산업화하다
intermediate,20,,16,industrialization,derived,산업화,산업화
intermediate,20,,17,destroy,headword,"파괴하다, 손상시키다; 망치다","파괴하다, 손상시키다; (삶, 계획 등을) 망치다"
intermediate,20,,18,destruction,derived,파괴,파괴
intermediate,20,,19,destructive,derived,"파괴적인, 부정적인","파괴적인, 부정적인"
intermediate,20,,20,vary,headword,"다르다; 달라지다; 다르게 하다, 차이를 주다","(크기, 모양 등이) 다르다; (상황에 따라) 달라지다; 다르게 하다, 차이를 주다"
intermediate,20,,21,varied,derived,"다양한, 다채로운","다양한, 다채로운"
intermediate,20,,22,variety,derived,"다양성, 다양함","다양성, 다양함"
intermediate,20,,23,various,headword,"다양한, 가지각색의","다양한, 가지각색의"
intermediate,20,,24,variable,headword,"변동이 심한, 변덕스러운; 바뀔 수 있는; 변수","변동이 심한, 변덕스러운; 바뀔 수 있는; 변수"
intermediate,20,,25,invariable,derived,"변하지 않는, 불변의","변하지 않는(것), 불변의 (것)"
intermediate,20,,26,variance,derived,"차이, 불일치, 격차","차이, 불일치, 격차"
intermediate,20,,27,variant,derived,"변종, 변형; 상이한, 다른; 갖가지","변종, 변형; 상이한, 다른; 갖가지(의)"
intermediate,20,,28,variability,derived,가변성; 다양성,가변성(변할 수 있음); 다양성
intermediate,20,,29,variation,headword,"차이, 변화; 변형; 변주","(양, 정도의) 차이, 변화(량/율); 변형; 변주(곡)"
intermediate,20,,30,similar,headword,"비슷한, 유사한","비슷한, 유사한"
intermediate,20,,31,similarity,derived,"비슷함, 닮음; 유사점","비슷함, 닮음; 유사점"
intermediate,20,,32,similarly,derived,"유사하게, 마찬가지로","유사하게, 마찬가지로"
intermediate,20,,33,resemble,headword,"...을 닮다, 유사하다","...을 닮다, 유사하다"
intermediate,20,,34,resemblance,derived,유사함,유사함
intermediate,20,,35,assemble,headword,모으다; 모이다; 조립하다,모으다; 모이다; 조립하다
intermediate,20,,36,assembly,derived,"의회, 입법부; 모임; 조립","(입법) 의회, 입법부; 모임; 조립"
intermediate,20,,37,seemingly,headword,"겉보기에는, 표면상은","겉보기에는, 표면상은"
intermediate,20,,38,simulation,headword,"흉내, 모의실험, 시뮬레이션","흉내, 모의실험, 시뮬레이션"
intermediate,20,,39,simulate,derived,"가장하다, ...인 체하다; 모의실험 하다","가장하다, ...인 체하다; 모의실험 하다"
intermediate,20,,40,simultaneously,headword,"동시에, 일제히","동시에, 일제히"
intermediate,20,,41,simultaneous,derived,동시의,동시의
intermediate,20,,42,prime,headword,"가장 중요한, 최상의; 전성기","가장 중요한, 최상의; 전성기"
intermediate,20,,43,primary,headword,"제1의, 주요한; 최초의, 처음의, 초기의; 초등의, 초급의","제1의, 주요한; 최초의, 처음의, 초기의; 초등의, 초급의"
intermediate,20,,44,primarily,derived,"첫째로, 주로, 본래","첫째로, 주로, 본래"
intermediate,20,,45,primitive,headword,"원시의, 원시적인","원시(시대)의, 원시적인"
intermediate,20,,46,primeval(primaeval),derived,"원시시대의, 태고의","원시시대의, 태고의"
intermediate,20,,47,principal,headword,"주요한, 으뜸가는; 교장, 학장","주요한, 으뜸가는; 교장, 학장; (단체의) 우두머리, 장"
intermediate,20,,48,principle,headword,"원리, 원칙; 신념, 주의; 방침","원리, 원칙; 신념, 주의; 방침"
intermediate,20,,49,prior,headword,"먼저의, 이전의; ...에 우선하는, 중요한","먼저의, 이전의; ...에 우선하는, (...보다) 중요한"
intermediate,20,,50,priority,derived,우선순위; 우선,우선순위; 우선(권)
intermediate,20,,51,prioritize,derived,"우선순위를 매기다, 우선시키다","우선순위를 매기다, 우선시키다"
intermediate,20,,52,option,headword,"선택, 선택지; 선택의 자유; 선택 과목; 옵션","선택(권), 선택지; 선택의 자유; (학교의) 선택 과목; (제품 따위의) 옵션"
intermediate,20,,53,optional,derived,선택적인,선택적인
intermediate,20,,54,adopt,headword,"입양하다, 양자로 삼다; 채택하다, 취하다","입양하다, 양자로 삼다; (의견, 방법, 계획 등을) 채택하다, 취하다"
intermediate,20,,55,adoption,derived,채택; 입양,채택; 입양
intermediate,20,,56,opinion,headword,"의견, 생각, 견해","의견, 생각, 견해"
intermediate,21,,1,complicate,headword,복잡하게 하다,복잡하게 하다
intermediate,21,,2,complicated,derived,"복잡한, 뒤얽힌","복잡한, 뒤얽힌"
intermediate,21,,3,simplicity,headword,"단순, 간단","단순, 간단"
intermediate,21,,4,simplify,derived,"단순화하다, 간단하게 하다","단순화하다, 간단하게 하다"
intermediate,21,,5,simplification,derived,"단순화, 간소화","단순화, 간소화"
intermediate,21,,6,complex,headword,"복잡한; 복합의, 합성의; 건물 단지, 복합건물; 복합체, 합성물; 콤플렉스, 강박관념","복잡한; 복합의, 합성의; 건물 단지, 복합건물; 복합체, 합성물; (정신적) 콤플렉스, 강박관념"
intermediate,21,,7,complexity,derived,"복잡성, 복잡함","복잡성, 복잡함"
intermediate,21,,8,perplex,headword,당황하게 하다,(사람을) 당황[난처]하게 하다
intermediate,21,,9,imply,headword,"내포하다; 암시하다, 넌지시 비추다","내포[함축]하다; 암시하다, 넌지시 비추다"
intermediate,21,,10,implicit,derived,"암시된, 내포된","암시된, 내포된"
intermediate,21,,11,implication,derived,"영향; 함축, 암시","(행동, 결정의) 영향; 함축, 암시"
intermediate,21,,12,apply,headword,"지원하다, 신청하다; 적용하다, 응용하다; 적용되다, 해당되다; 바르다","지원하다, 신청하다; (방법, 이론, 규칙 등을) 적용하다, 응용하다; 적용되다, 해당되다; (연고, 물감 등을) 바르다"
intermediate,21,,13,application,derived,"지원, 신청; 적용, 응용; 붙임, 바름; 응용프로그램, 앱","지원(서), 신청(서); 적용, 응용; 붙임, 바름; 응용프로그램, 앱"
intermediate,21,,14,applicant,derived,"지원자, 신청자, 응모자","지원자, 신청자, 응모자"
intermediate,21,,15,employ,headword,고용하다; 사용하다,"(사람을) 고용하다; (기술, 물건을) 사용하다"
intermediate,21,,16,employer,derived,"고용주, 사용자, 주인","고용주, 사용자, 주인"
intermediate,21,,17,employee,derived,"피고용인, 종업원","피고용인, 종업원"
intermediate,21,,18,employment,derived,"고용, 일자리","고용(률), 일자리"
intermediate,21,,19,unemployment,derived,"실업, 실직","실업(률), 실직"
intermediate,21,,20,unemployed,derived,"실직한, 일이 없는","실직한, 일이 없는"
intermediate,21,,21,diplomatic,headword,"외교의; 외교에 능한, 외교적 수완이 있는","외교(상)의; 외교에 능한, 외교적 수완이 있는"
intermediate,21,,22,diplomat,derived,외교관,외교관
intermediate,21,,23,diplomacy,derived,"외교; 외교술, 외교적 수완","외교; 외교술, 외교적 수완"
intermediate,21,,24,exploit,headword,"이용하다, 착취하다; 개발하다, 활용하다; 위업, 공적","(사람, 상황 등을 부당하게) 이용하다, (노동력을) 착취하다; (자연, 자원 등을) 개발하다, 활용[이용]하다; 위업, 공적"
intermediate,21,,25,exploitation,derived,착취; 개발,착취; 개발
intermediate,21,,26,inject,headword,"주입하다, 주사하다","주입하다, 주사하다"
intermediate,21,,27,injection,derived,"주입, 주사","주입, 주사"
intermediate,21,,28,object,headword,"물체, 사물; 목적, 목표; 대상; 반대하다, 반박하다","물체, 사물; 목적, 목표; (감정, 행동의) 대상; 목적어; 반대하다, 반박하다"
intermediate,21,,29,objective,derived,"목적, 목표; 객관적인","목적, 목표; 객관적인"
intermediate,21,,30,objection,derived,"반대, 이의, 거부","반대, 이의, 거부"
intermediate,21,,31,reject,headword,"거절하다; 불합격시키다; 불합격품, 거부된 것","거절[거부]하다; 불합격시키다; 불합격품[자], 거부된 것[사람]"
intermediate,21,,32,rejection,derived,"거절, 거부","거절, 거부"
intermediate,21,,33,subject,headword,"영향받기 쉬운; 지배를 받는; 받아야 하는; 주제; 학과, 과목; 피실험자, 대상; 국민","(토론, 연구 등의) 주제; 학과, 과목; 주어; (실험, 연구 등에서) 피실험자, 대상; 국민; (...에) 영향받기 쉬운; (...의) 지배를 받는; (승인 등을) 받아야 하는; 지배하다, 복종시키다"
intermediate,21,,34,subjective,derived,주관적인,주관적인
intermediate,21,,35,project,headword,"프로젝트, 계획; 계획하다; 예상하다; 투영하다, 비추다; 돌출되다","프로젝트, 계획; 계획하다; 예상[추정]하다; 투영하다, 비추다; 돌출되다"
intermediate,21,,36,projection,derived,"예상, 추정; 투영; 영상; 돌기, 돌출부","예상, 추정; 투영; 영상; 돌기, 돌출부"
intermediate,21,,37,rate,headword,"비율; 속도; 요금, 가격; 등급; 평가하다; 평가되다; 간주하다; 간주되다","비율; 속도; 요금, 가격; 등급; 평가하다; 평가되다; 간주하다; 간주되다"
intermediate,21,,38,ratio,headword,"비율, 비","비율, 비"
intermediate,21,,39,rational,headword,"이성적인; 분별 있는, 이치에 맞는","이성적인; 분별 있는, 이치에 맞는"
intermediate,21,,40,rationally,derived,이성적으로,이성적으로
intermediate,21,,41,rationality,derived,합리성,합리성
intermediate,21,,42,rationalize,derived,합리화하다,합리화하다
intermediate,21,,43,reason,headword,"이유; 이성, 판단력; 추리하다, 추론하다","이유; 이성, 판단력; 추리하다, 추론하다"
intermediate,21,,44,reasonable,derived,"합리적인, 이성적인; 적당한, 알맞은","합리적인, 이성적인; 적당한, (가격이) 알맞은"
intermediate,21,,45,fort,headword,"요새, 성채, 보루","요새, 성채, 보루"
intermediate,21,,46,fortress,derived,"요새, 요새 도시","(fort보다 대규모의) 요새, 요새 도시"
intermediate,21,,47,fortify,derived,요새화하다; 강화하다; 기운을 북돋우다,요새화하다; 강화하다; 기운을 북돋우다
intermediate,21,,48,effort,headword,"노력, 수고","노력, 수고"
intermediate,21,,49,comfort,headword,"위로하다; 편안하게 하다; 편안함, 안락; 위로","위로하다; 편안하게 하다; 편안함, 안락; 위로"
intermediate,21,,50,comfortable,derived,"편안한, 안락한","편안한, 안락한"
intermediate,21,,51,force,headword,"힘; 폭력; 영향력; 병력, 군대; 억지로 ...하게 하다, 강요하다","(물리적) 힘; 폭력; 영향력; 병력, 군대; 억지로 ...하게 하다, 강요하다"
intermediate,21,,52,forceful,derived,"강력한, 힘이 있는","(사람, 말 등이) 강력한, 힘이 있는"
intermediate,21,,53,reinforce,headword,"강화하다, 증강하다","강화하다, 증강[보강]하다"
intermediate,21,,54,reinforcement,derived,"강화, 증강, 보강","강화, 증강, 보강"
intermediate,22,,1,strict,headword,"엄격한, 엄한; 정확한, 엄밀한","엄격한, 엄한; 정확한, 엄밀한"
intermediate,22,,2,strictly,derived,"엄격히, 엄하게; 정확히","엄격히, 엄하게; 정확히"
intermediate,22,,3,restrict,headword,"제한하다, 한정하다","제한하다, 한정하다"
intermediate,22,,4,restriction,derived,"제한, 한정","(행동, 크기, 범위 등의) 제한, 한정"
intermediate,22,,5,district,headword,"지구, 구역; 지역","(행정, 사법, 교육 등의) 지구, 구역; 지역"
intermediate,22,,6,strain,headword,"긴장, 피로; 부담, 중압; 노력, 분투; 노력하다, 애쓰다; 혹사시키다","긴장(감), 피로; 부담, 중압; 노력, 분투; 노력하다, 애쓰다; (근육, 신체 일부를) 혹사시키다"
intermediate,22,,7,restrain,headword,"제지하다, 못하게 하다; 억누르다, 억제하다","(...을) 제지하다, 못하게 하다; (감정, 행동 등을) 억누르다, 억제하다"
intermediate,22,,8,restraint,derived,"억제, 규제, 자제","억제, 규제, 자제"
intermediate,22,,9,constrain,headword,"...하게 만들다, 강요하다; 억누르다, 억제하다","...하게 만들다, 강요하다; 억누르다, 억제하다"
intermediate,22,,10,constraint,derived,"제한, 제약","제한, 제약"
intermediate,22,,11,strait,headword,"해협; 곤경, 궁핍","해협; (특히 경제적인) 곤경, 궁핍"
intermediate,22,,12,distress,headword,"고통, 고뇌, 고민; 곤경, 빈곤; 괴롭히다, 곤란하게 하다","고통, 고뇌, 고민; 곤경, 빈곤; 괴롭히다, 곤란하게 하다"
intermediate,22,,13,stress,headword,"긴장, 스트레스; 압력, 압박; 강조; 강세; 강조하다; 강세를 두다; 스트레스를 주다","긴장, 스트레스; 압력, 압박; (중요성의) 강조; 강세; 강조하다; (발음) 강세를 두다; 스트레스를 주다[받다]"
intermediate,22,,14,prestige,headword,"명성, 위신; 명성이 있는, 명문의, 일류의","명성, 위신; 명성이 있는, 명문의, 일류의"
intermediate,22,,15,prestigious,derived,"명성이 있는, 명문의","명성이 있는, 명문의"
intermediate,22,,16,fund,headword,"기금, 자금; 자금을 제공하다","기금, 자금; (사업, 행사 등을 위해) 자금을 제공하다"
intermediate,22,,17,fundamental,headword,"근본적인, 기본적인; 중요한, 필수적인","근본적인, 기본적인; 중요한, 필수적인"
intermediate,22,,18,fundamentally,derived,"근본적으로, 기본적으로; 필수적으로","근본적으로, 기본적으로; 필수적으로"
intermediate,22,,19,found,headword,설립하다; …에 기초를 두다,설립하다; ...에 기초[근거]를 두다
intermediate,22,,20,foundation,derived,"기초, 기반; 설립; 재단","기초, 기반; 설립; 재단"
intermediate,22,,21,founder,derived,"설립자, 창립자","설립자, 창립자"
intermediate,22,,22,profound,headword,강한; 심오한; 깊은,"(영향, 효과 등이) 강한; (사상, 의미 등이) 심오한; 깊은"
intermediate,22,,23,pressure,headword,"압력, 압박","압력, 압박(감)"
intermediate,22,,24,express,headword,"표현하다, 나타내다; 명시된, 명확한, 뚜렷한; 급행의; 속달의; 급행열차, 고속버스; 속달","(감정, 생각을) 표현하다, 나타내다; 명시된, 명확한, 뚜렷한; (열차 등이) 급행의; (우편) 속달의; 급행열차, 고속버스; (우편) 속달"
intermediate,22,,25,expression,derived,표현; 표정; 식,표현(법); (얼굴) 표정; 식
intermediate,22,,26,expressive,derived,"표현이 풍부한, 표현하는","표현이 풍부한, (감정 등을) 표현하는"
intermediate,22,,27,impress,headword,"깊은 인상을 주다, 감동시키다; 찍다","깊은 인상을 주다, 감동시키다; (도장 등을) 찍다"
intermediate,22,,28,impression,derived,"인상, 느낌, 감명; 자국","인상, 느낌, 감명; 자국"
intermediate,22,,29,impressed,derived,"인상 깊게 생각하는, 감동을 받은","인상 깊게 생각하는, 감동을 받은"
intermediate,22,,30,impressive,derived,"인상적인, 감명을 주는","인상적인, 감명을 주는"
intermediate,22,,31,oppress,headword,"억압하다, 탄압하다, 박해하다","억압하다, 탄압하다, 박해하다"
intermediate,22,,32,oppression,derived,"억압, 억제","억압, 억제"
intermediate,22,,33,conclude,headword,결론을 내리다; 끝나다; 끝내다,결론을 내리다; 끝나다; 끝내다
intermediate,22,,34,conclusion,derived,"결론; 결말, 종결; 체결","결론; 결말, 종결; (조약 등의) 체결"
intermediate,22,,35,include,headword,"포함하다, 함유하다; 넣다, 포함시키다","포함하다, 함유하다; 넣다, (전체의 일부로서) 포함시키다"
intermediate,22,,36,inclusion,derived,"포함, 함유","포함, 함유(물)"
intermediate,22,,37,inclusive,derived,"포함된; 포괄적인, 폭넓은","(가격, 경비에) 포함된; 포괄적인, 폭넓은"
intermediate,22,,38,exclude,headword,"제외하다, 배제하다, 배척하다; 막다; 추방하다, 쫓아내다","(고의로) 제외하다, 배제하다, 배척하다; (참여, 입장 등을) 막다; 추방하다, 쫓아내다"
intermediate,22,,39,exclusion,derived,"제외, 배제, 배척","제외, 배제, 배척"
intermediate,22,,40,exclusive,derived,"독점적인; 배타적인; 고급의, 고가의; 독점, 특종","독점적인; 배타적인; 고급의, 고가의; (신문 기사의) 독점, 특종"
intermediate,22,,41,exclusively,derived,"독점적으로, 오로지","독점적으로, 오로지"
intermediate,22,,42,closet,headword,벽장,(붙박이형) 벽장
intermediate,22,,43,disclose,headword,"들추어내다, 폭로하다; 드러내다","(비밀 따위를) 들추어내다, 폭로하다; 드러내다"
intermediate,22,,44,disclosure,derived,"폭로, 탄로; 폭로된 비밀","폭로, 탄로; 폭로된 비밀"
intermediate,22,,45,biography,headword,"전기, 일대기","전기, 일대기"
intermediate,22,,46,biographer,derived,전기 작가,전기 작가
intermediate,22,,47,biology,headword,생물학,생물학
intermediate,22,,48,biological,derived,생물학적인,생물학적인
intermediate,22,,49,biologist,derived,생물학자,생물학자
intermediate,22,,50,microbe,headword,미생물,미생물
intermediate,23,,1,current,headword,"지금의, 현재의; 현행의; 흐름; 경향, 풍조","지금의, 현재의; 현행의; (물, 공기, 전기 등의) 흐름; (생각 등의) 경향, 풍조"
intermediate,23,,2,currently,derived,"지금, 현재","지금, 현재"
intermediate,23,,3,currency,derived,"화폐, 통화; 유통","(유통) 화폐, 통화; (화폐 등의) 유통"
intermediate,23,,4,curriculum,headword,"교과 과정, 교과목","교과[이수] 과정, 교과목"
intermediate,23,,5,curricular,derived,교과 과정의,교과[이수] 과정의
intermediate,23,,6,occur,headword,"발생하다, 일어나다; 떠오르다","발생하다, 일어나다; (생각 등이) 떠오르다"
intermediate,23,,7,occurrence,derived,"발생; 사건, 일어난 일","(사건 등의) 발생; 사건, 일어난 일"
intermediate,23,,8,excursion,headword,"짧은 여행, 소풍; 옆길로 빗나감, 탈선","(특정 목적을 위한) 짧은 여행, 소풍; 옆길로 빗나감, 탈선"
intermediate,23,,9,cure,headword,"치료하다; 해결하다; 치료, 치료약; 해결책","치료하다; (문제 등을) 해결하다; 치료(법), 치료약; 해결책"
intermediate,23,,10,curable,derived,고칠 수 있는,고칠 수 있는
intermediate,23,,11,curious,headword,"호기심이 강한, ...을 알고 싶어 하는; 이상한, 묘한","호기심이 강한, ...을 알고 싶어 하는; 이상한, 묘한"
intermediate,23,,12,curiosity,derived,"호기심; 진기함, 진기한 것","호기심; 진기함, 진기한 것[사람]"
intermediate,23,,13,accurate,headword,"정확한, 정밀한","(정보, 수치, 기계 등이) 정확한, 정밀한"
intermediate,23,,14,accuracy,derived,"정확, 정밀","정확(성), 정밀(도)"
intermediate,23,,15,divide,headword,"나누다, 분할하다, 분열되다","나누다, 분할하다, 분열되다"
intermediate,23,,16,division,derived,"분할, 분열; 나눗셈, 나누기; 부, 부분","분할, 분열; 나눗셈, 나누기; 부(部), 부분"
intermediate,23,,17,individual,headword,"개별의, 개개의; 독특한, 특유의; 개인, 개체; 사람","개별의, 개개의; 독특한, 특유의; 개인, 개체; 사람"
intermediate,23,,18,individually,derived,개별적으로,개별적으로
intermediate,23,,19,individuality,derived,"개성, 특성","개성, 특성"
intermediate,23,,20,devise,headword,"고안하다, 궁리하다","(방법, 장치 등을) 고안하다, 궁리하다"
intermediate,23,,21,device,derived,"장치, 고안물; 방법, 방책, 계획","(기계적) 장치, 고안물; (어떤 일을 성취하기 위한) (특별한) 방법, 방책, 계획"
intermediate,23,,22,widow,headword,"미망인, 과부","미망인, 과부"
intermediate,23,,23,territory,headword,"영토; 지방, 지역, 구역; 영역, 분야","영토; 지방, 지역, 구역; 영역, 분야"
intermediate,23,,24,territorial,derived,"영토의, 영토와 관련된","영토의, 영토와 관련된"
intermediate,23,,25,terrestrial,headword,"지구의, 지상의, 육지의","지구(상)의, 지상의, 육지의"
intermediate,23,,26,mediterranean,headword,지중해,지중해(의)
intermediate,23,,27,attend,headword,"출석하다; 돌보다, 간호하다, 수행하다; 다루다, 처리하다; 주의를 기울이다","(...에) 출석[참석]하다; 돌보다, 간호하다, 수행하다; 다루다, 처리하다; 주의를 기울이다"
intermediate,23,,28,attendant,derived,시중드는 사람; 수행원,시중드는 사람; 수행원
intermediate,23,,29,attendance,derived,"출석, 참석","출석(수), 참석(수)"
intermediate,23,,30,attention,derived,"주목, 주의; 관심; 시중, 돌봄","주목, 주의; 관심; 시중, 돌봄"
intermediate,23,,31,attentive,derived,"주의 깊은, 세심한","주의 깊은, 세심한"
intermediate,23,,32,pretend,headword,"...인 체하다, 속이다, 가장하다","...인 체하다, 속이다, 가장하다"
intermediate,23,,33,extend,headword,"연장하다, 확장하다; 연장되다, 확장되다; 뻗다, 내밀다; 베풀다, 제공하다","연장하다, 확장하다; 연장되다, 확장되다; 뻗다, 내밀다; (도움, 친절 등을) 베풀다, 제공하다"
intermediate,23,,34,extent,derived,"넓이, 크기; 범위, 한도, 정도","넓이, 크기; 범위, 한도, 정도"
intermediate,23,,35,extension,derived,"연장, 넓힘; 내선","(기간, 범위 등의) 연장, 넓힘; (전화) 내선"
intermediate,23,,36,extensive,derived,"아주 넓은, 광범위한","아주 넓은, 광범위한"
intermediate,23,,37,intend,headword,"...할 작정이다; 의도하다, 고의로 하다","...할 작정이다; 의도하다, 고의로 하다"
intermediate,23,,38,intent,derived,"의도, 목적; 열의가 있는, 전념하는","의도, 목적; 열의가 있는, 전념하는"
intermediate,23,,39,intention,derived,"의도, 의향, 목적","의도, 의향, 목적"
intermediate,23,,40,intentional,derived,"의도적인, 고의의","의도적인, 고의의"
intermediate,23,,41,intentionally,derived,"의도적으로, 고의로","의도적으로, 고의로"
intermediate,23,,42,tend,headword,"경향이 있다, ...하기 쉽다; 돌보다, 보살피다","(...하는) 경향이 있다, ...하기 쉽다; 돌보다, 보살피다"
intermediate,23,,43,tendency,derived,"성향; 경향, 추세","성향; 경향, 추세"
intermediate,23,,44,tender,headword,"부드러운, 연한, 다정한; 제공하다 ; 입찰하다","(음식, 성질, 성격 등이) 부드러운, 연한, 다정한; 제공[제출]하다 (격식체); (공사 등에) 입찰하다"
intermediate,23,,45,tenderness,derived,"유연함, 민감함, 상냥함, 친절","유연함, 민감함, 상냥함, 친절"
intermediate,23,,46,tense,headword,긴장한; 팽팽하게 당겨진; 시제,긴장한; 팽팽하게 당겨진; 시제
intermediate,23,,47,tension,derived,긴장 ; 팽팽함,긴장 (상태); 팽팽함
intermediate,23,,48,intense,headword,"강렬한, 심한; 열렬한, 열심인","강렬한, 심한; 열렬한, 열심인"
intermediate,23,,49,intensive,derived,"강한, 집중적인; 철저한","강한, 집중적인; 철저한"
intermediate,23,,50,intensity,derived,"강렬함, 열렬함","강렬함, 열렬함"
intermediate,23,,51,possible,headword,"가능한, 있을 수 있는","가능한, 있을 수 있는"
intermediate,23,,52,possibility,derived,"가능성, 가망","가능성, 가망"
intermediate,23,,53,possibly,derived,"아마도, 어쩌면, 혹시","아마도, 어쩌면, 혹시"
intermediate,23,,54,possess,headword,"가지다, 소유하다; 사로잡다, 지배하다","가지다, 소유하다; (감정, 생각 등이) 사로잡다, 지배하다"
intermediate,23,,55,possession,derived,"소유, 소지품, 재산; 소지, 소유, 점유; 속국, 점령지","소유(물), 소지품, 재산; 소지, 소유, 점유; 속국, 점령지"
intermediate,23,,56,potential,headword,"잠재적인, 가능성 있는; 잠재력, 가능성","잠재적인, 가능성 있는; 잠재력, 가능성"
intermediate,24,,1,complete,headword,"전체의, 전부의; 완전한, 완성된; 끝마치다, 완료하다; 작성하다","전체의, 전부의; 완전한, 완성된; 끝마치다, 완료하다; (서류 등을) 작성하다"
intermediate,24,,2,completely,derived,완전히,완전히
intermediate,24,,3,completion,derived,"완성, 완료, 달성","완성, 완료, 달성"
intermediate,24,,4,complement,headword,"보충물, 보완하는 것; 보완하다, 보충하다","보충물, 보완하는 것; 보완하다, 보충하다"
intermediate,24,,5,complementary,derived,"상호 보완적인, 어울리는","상호 보완적인, 어울리는"
intermediate,24,,6,implement,headword,"도구, 연장, 용구; 실행하다","도구, 연장, 용구; (정책, 계획 등을) 실행[이행]하다"
intermediate,24,,7,implementation,derived,"이행, 실행","이행, 실행"
intermediate,24,,8,implemental,derived,"도구의, 도구가 되는; 도움이 되는","도구의, 도구가 되는; 도움이 되는"
intermediate,24,,9,compliment,headword,"칭찬, 찬사; 인사말; 칭찬하다","칭찬, 찬사; (의례적인) 인사말; 칭찬[찬양]하다"
intermediate,24,,10,accomplish,headword,"이루다, 성취하다, 완성하다","(임무 등을) 이루다, 성취하다, 완성하다"
intermediate,24,,11,accomplishment,derived,"업적, 성취, 완성","업적, 성취, 완성"
intermediate,24,,12,supply,headword,"공급; 보급품, 필수품; 공급하다","공급(량); 보급품, 필수품; (물건을) 공급하다"
intermediate,24,,13,supplier,derived,"공급자, 공급 회사","공급자, 공급[제조] 회사"
intermediate,24,,14,plenty,headword,"많음, 풍부함, 충분함","많음, 풍부함, 충분함"
intermediate,24,,15,plentiful,derived,"많은, 풍부한, 충분한","많은, 풍부한, 충분한"
intermediate,24,,16,cultivate,headword,"경작하다, 재배하다; 기르다, 계발하다","경작하다, 재배하다; (품성, 능력 등을) 기르다, 계발하다"
intermediate,24,,17,cultivation,derived,"경작, 재배; 계발, 수양","경작, 재배; 계발, 수양"
intermediate,24,,18,culture,headword,"문화; 지적, 예술적 활동, 교양","(집단, 국가 등의) 문화; (미술, 문학, 음악 등의) 지적, 예술적 활동, 교양"
intermediate,24,,19,cultural,derived,"문화의, 문화적인","문화의, 문화적인"
intermediate,24,,20,agriculture,headword,"농업, 농사, 농학","농업, 농사, 농학"
intermediate,24,,21,agricultural,derived,"농업의, 농사의, 농학의","농업의, 농사의, 농학의"
intermediate,24,,22,colony,headword,"식민지; 집단, 부락, 군집","식민지; (특정인, 동식물의) 집단, 부락, 군집"
intermediate,24,,23,colonial,derived,"식민지의, 식민지 시대의","식민지의, 식민지 시대의"
intermediate,24,,24,colonize(colonise),derived,식민지화하다; (동식물이) 집단으로 서식하다,식민지화하다; (동식물이) 집단으로 서식하다
intermediate,24,,25,colonist,derived,"식민지 이주자, 식민지 주민","식민지 이주자, 식민지 주민"
intermediate,24,,26,insult,headword,"모욕하다, 창피를 주다; 모욕, 무례","모욕하다, 창피를 주다; 모욕, 무례(한 말, 행동)"
intermediate,24,,27,result,headword,"결과, 결말; ...의 결과로서 일어나다, ...에 기인하다; ...의 결과를 낳다, ...로 끝나다","결과, 결말; ...의 결과로서 일어나다, ...에 기인하다; ...의 결과를 낳다, ...로 끝나다"
intermediate,24,,28,assault,headword,"폭행, 습격; 폭행하다, 습격하다","폭행(죄), 습격; 폭행하다, 습격하다"
intermediate,24,,29,salient,headword,"두드러진, 돌출한; 가장 중요한","두드러진, 돌출한; 가장 중요한"
intermediate,24,,30,suicide,headword,자살,자살
intermediate,24,,31,pesticide,headword,"살충제, 농약","살충제, 농약"
intermediate,24,,32,decision,headword,결정; 결단력,결정; 결단력
intermediate,24,,33,decide,derived,결정하다,결정하다
intermediate,24,,34,decisive,derived,결정적인; 결단력 있는,결정적인; 결단력 있는
intermediate,24,,35,precise,headword,"정확한, 정밀한","(수치, 정보 등이) 정확한, 정밀한"
intermediate,24,,36,precisely,derived,"정확히, 정밀하게","정확히, 정밀하게"
intermediate,24,,37,precision,derived,정확,정확[정밀](도)
intermediate,24,,38,precede,headword,"...보다 앞서다, ...에 선행하다, ...보다 먼저 일어나다","...보다 앞서다, ...에 선행하다, ...보다 먼저 일어나다"
intermediate,24,,39,precedent,derived,"전례, 선례, 판례","전례, 선례, 판례"
intermediate,24,,40,unprecedented,derived,"전례 없는, 유례 없는","전례 없는, 유례 없는"
intermediate,24,,41,exceed,headword,"넘다, 초과하다","(수, 양, 범위, 권한 등을) 넘다, 초과하다"
intermediate,24,,42,excess,derived,"초과, 지나침, 과잉; 초과의","초과(량), 지나침, 과잉; 초과의"
intermediate,24,,43,excessive,derived,"지나친, 과도한","지나친, 과도한"
intermediate,24,,44,proceed,headword,"계속하다, 진행하다; 계속되다, 진행되다; 나아가다","계속하다, 진행하다; 계속되다, 진행되다; 나아가다"
intermediate,24,,45,procedure,derived,"절차, 진행 방식","절차, 진행 방식"
intermediate,24,,46,process,derived,"진행, 과정; 공정, 가공 처리; 처리하다; 처리하다","진행, 과정; (생산) 공정, 가공 처리; (식품, 재료 등을) (가공) 처리하다; (서류, 정보 등을) 처리[정리]하다"
intermediate,24,,47,proceeding,derived,"행사, 일련의 행위들; 소송","행사, 일련의 행위들; 소송 (절차)"
intermediate,24,,48,succeed,headword,"성공하다, 성과를 거두다; 뒤를 잇다, 계승하다","(...에) 성공하다, 성과를 거두다; 뒤를 잇다, 계승[상속]하다"
intermediate,24,,49,success,derived,"성공, 출세","성공, 출세"
intermediate,24,,50,successful,derived,"성공적인, 출세한","성공적인, 출세한"
intermediate,24,,51,successive,derived,연속적인,연속[계속]적인
intermediate,24,,52,succession,derived,"연속; 계승, 상속","연속; 계승, 상속"
intermediate,24,,53,successor,derived,"후임자, 후계자","후임자, 후계자"
intermediate,24,,54,predecessor,headword,전임자,전임자
intermediate,24,,55,access,headword,"접근, 이용; 입수하다, 접근하다, 들어가다","(장소, 정보 등에의) 접근(성), 이용(성); 진입[접근] 방법; (정보 등을) 입수하다, (정보에) 접근하다, (장소에) 들어가다"
intermediate,24,,56,accessible,derived,접근하기 쉬운; 입수하기 쉬운,"(장소, 사람에) 접근하기 쉬운; (정보, 물건이) 입수[이용]하기 쉬운"
intermediate,24,,57,cease,headword,"그만두다, 멈추다; 끝나다","그만두다, 멈추다; 끝나다"
intermediate,24,,58,ceaseless,derived,끊임없는,끊임없는
intermediate,25,,1,advertise,headword,"광고하다, 선전하다","광고하다, 선전하다"
intermediate,25,,2,advertisement,derived,광고,광고
intermediate,25,,3,convert,headword,"바꾸다, 변화시키다, 개조하다; 개종하다; 개종시키다","바꾸다, 변화시키다, 개조하다; (다른 종교, 이념 등으로) 개종[전향]하다; 개종[전향]시키다"
intermediate,25,,4,conversion,derived,"전환, 변형, 개조; 개종, 전향","전환, 변형, 개조; (종교, 이념 등의) 개종, 전향"
intermediate,25,,5,convertible,derived,바꿀 수 있는; 컨버터블,"(다른 형태, 용도로) 바꿀 수 있는; 컨버터블"
intermediate,25,,6,vertical,headword,"수직의, 세로의; 수직","수직의, 세로의; 수직(선)"
intermediate,25,,7,vertically,derived,수직으로,수직으로
intermediate,25,,8,converse,headword,"대화하다, 담화하다; 정반대의, 역의; 정반대, 역","(...와) 대화하다, 담화하다; 정반대의, 역(逆)의; 정반대, 역(逆)"
intermediate,25,,9,conversation,derived,"대화, 담화","대화, 담화"
intermediate,25,,10,conversely,derived,반대로,반대로
intermediate,25,,11,diverse,headword,"다양한, 가지각색의","다양한, 가지각색의"
intermediate,25,,12,diversity,derived,다양성,다양성
intermediate,25,,13,diversify,derived,"다양화하다, 다각화하다","다양화하다, 다각화하다"
intermediate,25,,14,reverse,headword,"반대의, 거꾸로의; 뒤의, 뒷면의; 뒤집다, 거꾸로 하다; 후진하다; 반대, 역; 뒤, 뒷면; 후진","반대의, 거꾸로의; 뒤의, 뒷면의; 뒤집다, 거꾸로 하다; 후진하다; 반대, 역(逆); 뒤, 뒷면; 후진"
intermediate,25,,15,adversity,headword,"역경, 불행, 불운","역경, 불행, 불운"
intermediate,25,,16,adverse,derived,"부정적인, 불리한","부정적인, 불리한"
intermediate,25,,17,verse,headword,"연, 절; 시, 운문","(시의) 연, (노래의) 절; 시, 운문"
intermediate,25,,18,version,headword,"변형, 판, 버전; 소견, 해석, 설명","(어떤 것의) 변형, 판(版), 버전; (사건 등에 대한) 소견, 해석, 설명"
intermediate,25,,19,divorce,headword,"이혼; 분리, 단절","(...와) 이혼(하다); 분리(하다), 단절(하다)"
intermediate,25,,20,native,headword,"출생지의; 원주민의; 토박이의; 선천적인, 타고난; 원주민, 본토박이","출생지의; 원주민의; 토박이의; 선천적인, 타고난; 원주민, 본토박이"
intermediate,25,,21,nation,headword,"국가, 나라; 국민, 민족","국가, 나라; 국민, 민족"
intermediate,25,,22,national,derived,"국가의, 국가적인; 국립의, 국영의","국가의, 국가적인; 국립의, 국영의"
intermediate,25,,23,nationality,derived,국적; 국민성,국적; 국민성
intermediate,25,,24,nature,headword,"자연; 성질, 특징, 천성","자연(계); 성질, 특징, 천성"
intermediate,25,,25,natural,derived,"자연의, 천연의; 자연스러운; 선천적인, 타고난","자연의, 천연의; 자연스러운; 선천적인, 타고난"
intermediate,25,,26,innate,headword,"선천적인, 타고난","선천적인, 타고난"
intermediate,25,,27,rotate,headword,회전하다; 회전시키다; 교대하다; 교대시키다,회전하다; 회전시키다; 교대하다; 교대시키다
intermediate,25,,28,rotation,derived,"회전, 순환; 자전; 교대","회전, 순환; (천체의) 자전; 교대"
intermediate,25,,29,control,headword,"지배하다, 통제하다; 억제하다; 조절하다; 지배, 통제; 억제; 조절","지배하다, 통제하다; 억제하다; 조절하다; 지배, 통제; 억제; 조절"
intermediate,25,,30,enroll(enrol),headword,"등록하다, 명부에 올리다, 가입하다","등록하다, 명부에 올리다, 가입하다"
intermediate,25,,31,enrollment(enrolment),derived,"등록, 가입","등록, 가입"
intermediate,25,,32,partial,headword,"부분적인; 불공평한, 편파적인; 편애하는, 좋아하는","부분적인; 불공평한, 편파적인; 편애하는, (어떤 것을 특히) 좋아하는"
intermediate,25,,33,partially,derived,"부분적으로, 어느 정도","부분적으로, 어느 정도"
intermediate,25,,34,particle,headword,"소량, 미량, 작은 조각; 입자, 소립자","소량, 미량, 작은 조각; 입자, 소립자"
intermediate,25,,35,particular,headword,"특정한; 특별한, 특유의; 까다로운; 상세, 명세, 자세한 내용","특정한; 특별한, 특유의; (성격, 식성 등이) 까다로운; 상세, 명세, 자세한 내용"
intermediate,25,,36,particularly,derived,"특히, 그 중에서도","특히, 그 중에서도"
intermediate,25,,37,apart,headword,"떨어져; 따로따로, 별개로","(시간, 공간적으로) (...와) 떨어져[진]; 따로따로(인), 별개로[의]"
intermediate,25,,38,portion,headword,"부분, 일부; 몫, 할당; 1인분","부분, 일부; 몫, 할당; 1인분"
intermediate,25,,39,proportion,headword,"비율, 크기; 균형, 조화","비율, (...에 대비한) 크기[양/정도]; 균형, 조화"
intermediate,25,,40,reflect,headword,"반사하다, 비치다; 반영하다, 나타내다; 숙고하다, 곰곰이 생각하다","(열, 빛 등을) 반사하다, (거울, 유리 등에) 비치다; 반영하다, 나타내다; 숙고하다, 곰곰이 생각하다"
intermediate,25,,41,reflection,derived,"반사, 반영; 상, 모습; 숙고","반사, 반영; (거울 등에 비친) 상, 모습; (심사)숙고"
intermediate,25,,42,flexible,headword,"융통성 있는, 탄력적인; 구부리기 쉬운, 유연한","(사람, 상황 등이) 융통성 있는, 탄력적인; 구부리기 쉬운, (신체 등이) 유연한"
intermediate,25,,43,flexibility,derived,"융통성, 탄력성, 유연성","융통성, 탄력성, 유연성"
intermediate,26,,1,manual,headword,"육체노동의; 수동의; 소형 책자, 안내서","육체노동의; 수동의; 소형 책자, 안내서"
intermediate,26,,2,manuscript,headword,"원고; 손으로 쓴 책, 사본","원고; 손으로 쓴 책[문서], 사본"
intermediate,26,,3,maintain,headword,"유지하다, 지속하다; 유지하다; 주장하다, 단언하다; 부양하다","(관계, 상태, 수준 등을) 유지하다, 지속하다; (기계, 건물 등을 점검, 보수해가며) 유지하다; 주장하다, 단언하다; (가족 등을) 부양하다"
intermediate,26,,4,maintenance,derived,"보수, 정비; 유지, 지속","보수, 정비; 유지, 지속"
intermediate,26,,5,manipulate,headword,"조종하다, 조작하다; 잘 다루다","(사람, 여론 등을) (부정하게) 조종하다, 조작하다; (기계 등을) 잘 다루다"
intermediate,26,,6,manipulation,derived,"교묘한 조작, 속임수; 조종, 취급","교묘한 조작, 속임수; 조종, 취급"
intermediate,26,,7,manage,headword,"관리하다, 경영하다; 어떻게든 해내다","(사업, 자금 등을) 관리하다, 경영하다; (어려운 일, 문제 등을) 어떻게든 (결국) 해내다"
intermediate,26,,8,management,derived,"관리, 경영; 경영진, 경영자측","관리, 경영; 경영진, 경영자측"
intermediate,26,,9,recognize,headword,"알아보다, 식별하다, 분간하다; 인정하다","알아보다, 식별하다, 분간하다; (사실, 권위, 중요성 등을) 인정하다"
intermediate,26,,10,recognition,derived,"인식, 인지; 인정, 감사; 승인","인식, 인지; (수고, 공로 등의) 인정, 감사; 승인"
intermediate,26,,11,diagnose,headword,"진단하다, 원인을 규명하다","진단하다, (병 등의) 원인을 규명하다"
intermediate,26,,12,diagnosis,derived,"진단, 원인 규명","진단, 원인 규명"
intermediate,26,,13,ignore,headword,무시하다,(의도적으로) 무시하다
intermediate,26,,14,ignorant,derived,"...을 모르는, 무지한","...을 모르는, 무지한"
intermediate,26,,15,ignorance,derived,"무지, 알지 못함","무지, 알지 못함"
intermediate,26,,16,noble,headword,"고상한, 숭고한; 귀족의; 귀족","(성품, 행위 등이) 고상한, 숭고한; 귀족의; 귀족"
intermediate,26,,17,nobility,derived,"고결함, 숭고함; 귀족","고결함, 숭고함; 귀족 (계급)"
intermediate,26,,18,acknowledge,headword,"인정하다; 사례하다, 감사하다; 받았음을 알리다","(사실, 중요성, 권위 등을) 인정하다; 사례하다, 감사하다; (선물, 편지 등을) 받았음을 알리다"
intermediate,26,,19,acknowledgment(acknowledgement),derived,"승인, 인정; 사례, 감사","승인, 인정; 사례, 감사"
intermediate,26,,20,acquaint,headword,"주다, 숙지시키다","(정보 등을) 주다, 숙지시키다"
intermediate,26,,21,acquainted,derived,...와 아는 사이인; ...을 알고 있는,...와 아는 사이인; ...을 알고 있는
intermediate,26,,22,acquaintance,derived,"지인, 그냥 아는 사이","(친하지는 않은) 지인, 그냥 아는 사이"
intermediate,26,,23,grade,headword,"등급, 계급, 지위; 학년; 성적, 학점; ...의 등급을 정하다","(품질, 가치 등의) 등급, 계급, 지위; (학교의) 학년; 성적, 학점; ...의 등급을 정하다[매기다]"
intermediate,26,,24,upgrade,derived,"향상, 개선","(품질, 성능을) 향상(하다), 개선(하다)"
intermediate,26,,25,gradual,headword,"점진적인, 점차적인; 완만한","점진적인, 점차적인; (경사가) 완만한"
intermediate,26,,26,gradually,derived,"서서히, 점점, 차차","서서히, 점점, 차차"
intermediate,26,,27,graduate,headword,"졸업하다; 졸업생, 학사","졸업하다; (대학) 졸업생, 학사"
intermediate,26,,28,graduation,derived,졸업,졸업
intermediate,26,,29,aggressive,headword,"공격적인; 적극적인, 진취적인","공격적인; 적극적인, 진취적인"
intermediate,26,,30,aggression,derived,"공격, 침략 ; 공격성","공격, 침략 (행위); (정신적) 공격성"
intermediate,26,,31,congress,headword,"의회, 국회","(미국, 중남미 국가들의) 의회, 국회"
intermediate,26,,32,degree,headword,"정도, 단계; 도; 학위","정도, 단계; (온도, 각도 등의) 도(度); 학위"
intermediate,26,,33,ingredient,headword,"재료; 성분, 요소","(음식 등의) 재료; 성분, (구성) 요소"
intermediate,26,,34,relax,headword,"쉬다, 긴장을 풀다; 완화하다; 이완하다","쉬다, 긴장을 풀다; (법, 규칙 등을) 완화하다; (근육을) 이완하다"
intermediate,26,,35,relaxation,derived,휴식; 완화; 이완,"휴식; (법, 규칙의) 완화; (근육의) 이완"
intermediate,26,,36,analysis,headword,"분석, 검토, 분해","분석, 검토, 분해"
intermediate,26,,37,analyze,derived,"분석하다, 검토하다, 분해하다","분석하다, 검토하다, 분해하다"
intermediate,26,,38,paralysis,headword,마비,마비[활동 불능] (상태)
intermediate,26,,39,paralyze,derived,"마비시키다, 활동 불능이 되게 하다","마비시키다, 활동 불능이 되게 하다"
intermediate,26,,40,release,headword,"석방하다, 놓아주다; 공개하다, 발표하다; 개봉하다, 발매하다; 표출하다, 방출하다; 석방; 공개, 발표; 개봉, 발매; 표출, 방출","석방하다, 놓아주다; 공개하다, 발표하다; (영화, 음반 등을) 개봉하다, 발매하다; (감정, 화학 물질 등을) 표출하다, 방출하다; 석방; 공개, 발표; (영화, 음반 등의) 개봉, 발매; 표출, 방출"
intermediate,26,,41,delay,headword,"연기하다, 늦추다; 연기, 지연","연기하다, 늦추다; 연기, 지연"
intermediate,26,,42,relay,headword,전달하다; 중계하다; 릴레이 경주; 중계,"(정보, 소식 등을) 전달하다; (라디오, TV 등을 통해) 중계하다; 릴레이 경주; 중계 (장치)"
intermediate,27,,1,evolve,headword,진화하다; 진화시키다; 발전하다; 발전시키다,진화하다; 진화시키다; 발전하다; 발전시키다
intermediate,27,,2,evolution,derived,진화; 발전,진화; 발전
intermediate,27,,3,evolutionary,derived,진화의; 진화론적; 발전의,진화의; 진화론적; 발전의
intermediate,27,,4,revolve,headword,"돌다, 회전하다; 돌리다, 회전시키다; 공전하다","(...을 축으로) 돌다, 회전하다; 돌리다, 회전시키다; 공전하다 (천문학)"
intermediate,27,,5,revolution,derived,"혁명, 대변혁; 회전, 공전","혁명, 대변혁; 회전, 공전"
intermediate,27,,6,revolutionary,derived,"혁명의, 혁명적인, 대변혁의","혁명의, 혁명적인, 대변혁의"
intermediate,27,,7,involve,headword,"포함하다, 수반하다; 관계시키다, 말려들게 하다; 참여시키다","포함하다, (필연적으로) 수반하다; 관계[관련]시키다, (사건 등에) 말려들게 하다; 참여시키다"
intermediate,27,,8,involvement,derived,"참여, 관련, 연루","참여, 관련, 연루"
intermediate,27,,9,volume,headword,"음량, 볼륨; 양; 부피, 용적; 책, 권","음량, 볼륨; 양; 부피, 용적; 책, 권(卷)"
intermediate,27,,10,prefer,headword,"...을 더 좋아하다, 차라리 ...을 택하다","...을 더 좋아하다, 차라리 ...을 택하다"
intermediate,27,,11,preference,derived,선호,선호(하는 것)
intermediate,27,,12,preferable,derived,"더 좋은, 더 잘 맞는","(...보다) 더 좋은, 더 잘 맞는"
intermediate,27,,13,refer,headword,"언급하다, ...라고 부르다; 참조하다, 조회하다; 위탁하다, 회부하다","언급하다, ...라고 부르다; 참조하다, 조회하다; (문제, 사건 등을) 위탁하다, 회부하다"
intermediate,27,,14,reference,derived,"언급, 지칭, 가리킴; 참조, 참고; 추천서","언급, 지칭, 가리킴; 참조(문), 참고; 추천서"
intermediate,27,,15,confer,headword,"의논하다, 협의하다; 수여하다, 주다","의논하다, 협의하다; 수여하다, 주다"
intermediate,27,,16,conference,derived,"회담, 회견; 회의, 협의회","회담, 회견; 회의, 협의회"
intermediate,27,,17,infer,headword,"추론하다, 추정하다","추론하다, 추정[추측]하다"
intermediate,27,,18,inference,derived,"추론, 추정, 추측","추론, 추정, 추측"
intermediate,27,,19,indifferent,headword,"무관심한, 사심이 없는, 동정심이 없는","(...에) 무관심한, 사심이 없는, 동정심이 없는"
intermediate,27,,20,indifference,derived,"무관심, 냉담","무관심, 냉담"
intermediate,27,,21,fertile,headword,"기름진, 비옥한; 많이 낳는, 생식 능력이 있는","(땅이) 기름진, 비옥한; 많이 낳는, 생식 능력이 있는"
intermediate,27,,22,fertilize,derived,비옥하게 하다; ...을 수정시키다,(땅을) 비옥하게 하다; ...을 수정시키다
intermediate,27,,23,fertilizer,derived,비료,(화학) 비료
intermediate,27,,24,fertility,derived,비옥함; 다산,비옥함; 다산
intermediate,27,,25,vanish,headword,"사라지다, 소멸하다","사라지다, 소멸하다"
intermediate,27,,26,vain,headword,"허영심이 강한; 헛된, 무익한","허영심이 강한; 헛된, 무익한"
intermediate,27,,27,vanity,derived,"허영심, 자만심; 공허함, 허무함","허영심, 자만심; 공허함, 허무함"
intermediate,27,,28,avoid,headword,"피하다, 회피하다","피하다, 회피하다"
intermediate,27,,29,avoidance,derived,"회피, 기피","회피, 기피"
intermediate,27,,30,vacant,headword,"비어 있는, 사람이 살지 않는; 빈자리의, 결원의","비어 있는, 사람이 살지 않는; 빈자리의, 결원의"
intermediate,27,,31,vacancy,derived,"빈자리, 결원; 빈방","빈자리, 결원; 빈방"
intermediate,27,,32,vacuum,headword,"진공; 공백, 공허; 진공 청소기","진공; (자리, 마음 등의) 공백, 공허; 진공 청소기"
intermediate,27,,33,essence,headword,"본질, 진수, 정수; 핵심; 원액","본질, 진수, 정수; 핵심; (식물 등에서 추출한) 원액"
intermediate,27,,34,essential,derived,필수적인; 본질적인,필수적인; 본질적인
intermediate,27,,35,essentially,derived,"본질적으로, 본래","본질적으로, 본래"
intermediate,27,,36,absent,headword,"결석한, 없는, 결여된; 멍한, 집중하지 않는; ...에 결석하다","결석[결근]한, 없는, 결여된; (표정이) 멍한, 집중하지 않는; ...에 결석[결근]하다"
intermediate,27,,37,absence,derived,"결석, 부재; 없음, 결핍","결석, 부재; 없음, 결핍"
intermediate,27,,38,present,headword,"출석한; 현재의; 주다, 제출하다; 나타내다, 보여주다; 생기다; 소개하다; 선물; 현재","출석한; 현재의; 주다, 제출하다; 나타내다, 보여주다; (문제, 기회 등이) 생기다; (정식으로) 소개하다; 선물; 현재"
intermediate,27,,39,presence,derived,"출석, 참석, 있음","출석, 참석, 있음"
intermediate,27,,40,presentation,derived,"제출, 제시; 발표, 설명; 공연","제출, 제시; 발표, 설명; 공연"
intermediate,27,,41,award,headword,"상, 상금; 수여하다, 주다","상, 상금; (상 등을) 수여하다, 주다"
intermediate,27,,42,reward,headword,"보상, 보수; 현상금; 보상하다, 보답하다","보상(금), 보수; 현상금; 보상하다, 보답하다"
intermediate,27,,43,rewarding,derived,"보람 있는; 보상이 큰, 돈이 많이 벌리는","보람 있는; 보상[수익]이 큰, 돈이 많이 벌리는"
intermediate,27,,44,aware,headword,"알고 있는, 의식하는","알고 있는, 의식[인식]하는"
intermediate,27,,45,awareness,derived,"알고 있음, 의식, 자각","알고 있음, 의식, 자각"
intermediate,27,,46,warn,headword,"경고하다, 주의시키다","경고하다, 주의시키다"
intermediate,27,,47,warning,derived,"경고, 주의","경고, 주의"
intermediate,27,,48,artificial,headword,"인공의, 모조의; 거짓된, 꾸며진","인공의, 모조의; (태도, 행동 등이) 거짓된, 꾸며진"
intermediate,27,,49,artistic,headword,"예술의, 예술적인","예술[미술]의, 예술적인"
intermediate,27,,50,artist,derived,"예술가, 화가","예술가, 화가"
intermediate,28,,1,magnitude,headword,"거대함, 큼; 크기; 중요함, 중대성; 광도; 규모","(크기나 범위 등이) 거대함, 큼; 크기; 중요함, 중대성; (별의) 광도; (지진의) 규모"
intermediate,28,,2,magnify,headword,"확대하다, 크게 하다; 과장하다","확대하다, 크게 (보이게) 하다; (크기, 중요성 등을) 과장하다"
intermediate,28,,3,magnification,derived,확대,확대
intermediate,28,,4,magnificent,derived,"훌륭한, 굉장한, 인상적인","훌륭한, 굉장한, (매우) 인상적인"
intermediate,28,,5,master,headword,"대가, 정통한 사람; 주인, 지배자; 석사 ; 원판; 명인의, 일류의, 뛰어난; 정통하다, 숙달하다; 억제하다; 지배하다","대가, 정통한 사람; 주인, 지배자; 석사 (학위); (사진, 음반 등의) 원판; 명인의, 일류의, 뛰어난; (...에) 정통하다, 숙달하다; (감정 등을) 억제하다; 지배하다"
intermediate,28,,6,masterpiece,headword,"걸작, 대표작, 명작","(최고) 걸작, 대표작, 명작"
intermediate,28,,7,major,headword,"중요한, 주된; 장조의; 소령; 전공; 전공하다","(더) 중요한, 주된; 장조의; (군대) 소령; 전공; 전공하다"
intermediate,28,,8,majority,derived,"대다수, 대부분; 과반수","대다수, 대부분; (투표 등의) 과반수"
intermediate,28,,9,mayor,headword,시장,시장(市長) (특히 도시나 지방 자치 단체의 행정을 책임지는 최고 책임자)
intermediate,28,,10,majestic,headword,"위엄 있는, 장엄한","위엄 있는, 장엄한"
intermediate,28,,11,majesty,derived,"위엄, 장대함; 폐하","위엄, 장대함; 폐하"
intermediate,28,,12,maximum,headword,"최대, 최고","최대(의), 최고(의)"
intermediate,28,,13,maximal,derived,"최대한의, 최고조의","최대한의, 최고조의"
intermediate,28,,14,maximize,derived,"극대화하다, 최대한 활용하다","극대화하다, 최대한 활용하다"
intermediate,28,,15,fluid,headword,"액체; 부드러운, 우아한; 유동적인, 변하기 쉬운","액체; 부드러운, 우아한; 유동적인, 변하기 쉬운"
intermediate,28,,16,fluent,headword,"유창한, 능통한","유창한, 능통한"
intermediate,28,,17,fluently,derived,유창하게,유창하게
intermediate,28,,18,fluency,derived,유창함,유창함
intermediate,28,,19,influence,headword,영향; 영향을 미치다,영향(력); 영향을 미치다
intermediate,28,,20,influential,derived,"영향을 미치는; 유력한, 세력 있는","영향을 미치는; 유력한, 세력 있는"
intermediate,28,,21,influenza,headword,"유행성 감기, 독감","유행성 감기, 독감"
intermediate,28,,22,exit,headword,"출구; 나감, 퇴장; 나가다, 퇴장하다","출구; 나감, 퇴장; 나가다, 퇴장하다"
intermediate,28,,23,initial,headword,"처음의, 최초의; 머리글자, 이니셜","처음의, 최초의; 머리글자, 이니셜"
intermediate,28,,24,initially,derived,"처음에, 시초에","처음에, 시초에"
intermediate,28,,25,initiate,headword,"시작하다, 개시하다; 전하다, 가르치다","시작하다, 개시하다; (방법, 기술 등을) 전(수)하다, 가르치다"
intermediate,28,,26,initiative,derived,"주도, 솔선, 선도; 계획","주도(권), 솔선, 선도; 계획"
intermediate,28,,27,transit,headword,"통과, 통행; 운송, 수송","통과, 통행; (사람, 화물의) 운송, 수송"
intermediate,28,,28,transition,derived,"이행, 과도기, 변이","이행, 과도기, 변이"
intermediate,28,,29,perish,headword,"죽다, 소멸하다","죽다, 소멸하다"
intermediate,28,,30,issue,headword,"논쟁점, 문제; 발행, 출판; 발표하다; 발권하다","논쟁점, 문제; 발행(물), 출판(물); 발표[공표]하다; (신분증, 잡지 등을) 발권[발행]하다"
intermediate,28,,31,concern,headword,"걱정, 염려; 관심사; 관계; 걱정하다; 걱정시키다; 관심을 갖다; 관계하다","걱정, 염려; 관심사; 관계; 걱정하다; 걱정시키다; 관심을 갖다; (...에) 관계하다"
intermediate,28,,32,concerned,derived,"걱정하는, 염려하는; 관여하고 있는","걱정하는, 염려하는; 관여[관계]하고 있는"
intermediate,28,,33,concerning,derived,...에 관하여,...에 관하여
intermediate,28,,34,discern,headword,"알아차리다, 인식하다; 분별하다","알아차리다, 인식하다; 분별[분간]하다"
intermediate,28,,35,discernible,derived,분간할 수 있는,분간[구별]할 수 있는
intermediate,28,,36,crisis,headword,"위기, 어려운 상황, 최악의 국면","위기, 어려운 상황, 최악의 국면"
intermediate,28,,37,criticize,headword,"비판하다, 비난하다; 비평하다","비판하다, 비난하다; 비평하다"
intermediate,28,,38,criticism,derived,"비판, 비난; 비평, 평론","비판, 비난; (문예) 비평, 평론"
intermediate,28,,39,critic,derived,"비평가, 평론가","(문예, 영화 등의) 비평가, 평론가"
intermediate,28,,40,critical,derived,비판적인; 중대한; 위기의; 비평의,"비판[비난]적인; 중대한; 위기의, 위독한; 비평의"
intermediate,28,,41,discriminate,headword,차별하다; 식별하다,차별(대우)하다; (차이점을) 식별[구별]하다
intermediate,28,,42,discrimination,derived,차별; 식별력,"(인종, 성별 등의) 차별; 식별[판별]력"
intermediate,29,,1,notable,headword,"주목할 만한, 탁월한","주목할 만한, 탁월한"
intermediate,29,,2,note,derived,"메모; 짧은 편지; 기록; 주석; 음, 음표; 주목하다; 언급하다","메모; 짧은 편지; (강의 등의) 기록; 주석; 음, 음표; 주목하다; 언급하다"
intermediate,29,,3,noted,derived,유명한,유명한
intermediate,29,,4,notice,headword,"주목, 주의; 게시, 공고, 안내; 통지, 통보; 알아차리다; 주목하다","주목, 주의; 게시(물), 공고, 안내(판); 통지(서), 통보; 알아차리다; 주목하다"
intermediate,29,,5,noticeable,derived,"뚜렷한, 현저한","뚜렷한, 현저한"
intermediate,29,,6,notify,headword,"알리다, 통보하다","알리다, 통보하다"
intermediate,29,,7,notification,derived,"알림, 통지","알림, 통지"
intermediate,29,,8,notion,headword,"관념, 개념, 생각","관념, 개념, 생각"
intermediate,29,,9,career,headword,"직업; 경력, 커리어; 직업적인","(오래 해온 전문적) 직업; 경력, 커리어; 직업적인"
intermediate,29,,10,carpenter,headword,목수,목수
intermediate,29,,11,carriage,headword,마차; 운반; 객차,마차; 운반; (기차의) 객차
intermediate,29,,12,carrier,headword,"운송 회사; 운반인, 운반기; 보균자, 매개체","운송[수송] 회사; 운반인, 운반[수송]기; (의학) (전염병) 보균자, 매개체"
intermediate,29,,13,charge,headword,"요금을 청구하다; 고발하다; 비난하다; 책임을 지우다; 채우다, 충전하다; 요금, 비용; 고발, 기소; 비난; 책임, 담당","요금을 청구하다; 고발[기소]하다; 비난하다; 책임을 지우다; 채우다, 충전하다; 요금, 비용; 고발, 기소; 비난; 책임, 담당"
intermediate,29,,14,discharge,headword,"해임하다; 내보내다; 방출하다; 이행하다; 해임; 퇴원; 석방; 제대; 방출, 배출; 이행","해임하다; (병원, 감옥, 군대 등에서) 내보내다; (액체, 가스 등을) 방출하다; (의무 등을) 이행하다; 해임; 퇴원; 석방; 제대; 방출, 배출(물); (책임) 이행"
intermediate,29,,15,agent,headword,"대리인, 대행사, 중개인; 에이전트; 정부 요원; 매개, 요인","대리인[점], 대행사, 중개인; (배우, 선수 등을 관리하는) 에이전트; (첩보원, 정보원 등의) 정부 요원; 매개(물), 요인"
intermediate,29,,16,agency,derived,"대리점; 소속사, 에이전시; 기관","대리점; (배우, 선수 등의) 소속사, 에이전시; (정부 등의) 기관"
intermediate,29,,17,agenda,headword,"의제, 안건, 협의 사항","의제, 안건, 협의 사항"
intermediate,29,,18,active,headword,활동적인; 적극적인,활동적인; 적극적인
intermediate,29,,19,activity,derived,"활동, 행동","(목표 달성을 위한) 활동, 행동; 여가 활동"
intermediate,29,,20,action,derived,"활동, 행동, 행위; 작동, 움직임; 효과, 작용","활동, 행동, 행위; 작동, 움직임; (약 등의) 효과, 작용"
intermediate,29,,21,activate,derived,"작동시키다, 활성화하다","작동시키다, 활성화하다"
intermediate,29,,22,actual,headword,"실제의, 정확한, 진짜의","실제의, 정확한, 진짜의"
intermediate,29,,23,actually,derived,"실제로, 정말로, 사실상","실제로, 정말로, 사실상"
intermediate,29,,24,exact,headword,"정확한, 틀림없는; 정밀한","정확한, 틀림없는; 정밀한"
intermediate,29,,25,exactly,derived,"정확히, 틀림없이","정확히, 틀림없이"
intermediate,29,,26,exactness,derived,"정확성, 정밀성","정확성, 정밀성"
intermediate,29,,27,react,headword,"반응하다; 반응을 나타내다, 반작용하다","(사건, 행동, 자극, 화학 작용 등에) 반응하다; (음식, 약 등에) (거부) 반응을 나타내다, 반작용하다"
intermediate,29,,28,reaction,derived,"반응; 거부 반응, 반작용","반응; 거부 반응, 반작용"
intermediate,29,,29,ambiguous,headword,"모호한, 분명하지 않은","(애매)모호한, 분명하지 않은"
intermediate,29,,30,ambiguously,derived,모호하게,(애매)모호하게
intermediate,29,,31,ambiguity,derived,모호함,(애매)모호함
intermediate,29,,32,navigate,headword,길을 찾다; 항해하다; 잘 다루다,길을 찾다; 항해[비행]하다; (어려운 상황 등을) 잘 다루다
intermediate,29,,33,navigation,derived,"항해, 운항","항해(술), 운항(술)"
intermediate,29,,34,intact,headword,"온전한, 손상되지 않은","온전한, 손상되지 않은"
intermediate,29,,35,contact,headword,"접촉, 연락, 교섭; 인맥, 연줄; ...와 연락하다","접촉, 연락, 교섭; 인맥, 연줄; ...와 연락하다"
intermediate,29,,36,integrate,headword,"통합하다, ; 인종 차별을 철폐하다","(부분, 요소 등을) 통합하다, (into/with와 함께 쓰임); 인종 차별을 철폐하다"
intermediate,29,,37,integration,derived,통합; 인종 통합,통합; 인종 통합 (정책)
intermediate,29,,38,integrity,derived,"정직, 성실; 완전무결","정직, 성실; 완전무결(의 상태)"
intermediate,29,,39,attain,headword,달성하다; 도달하다,"달성하다; (특정 연령, 수량, 수준 등에) 도달하다"
intermediate,29,,40,entire,headword,전체의; 완전한,전체의; 완전한
intermediate,29,,41,entirely,derived,"완전히, 전적으로","완전히, 전적으로"
intermediate,30,,1,decline,headword,"감소하다; 악화되다; 거절하다, 사양하다; 감소, 하락; 쇠퇴, 악화","감소[하락]하다; 악화되다; (정중히) 거절하다, 사양하다; 감소, 하락; 쇠퇴, 악화"
intermediate,30,,2,incline,headword,...할 마음이 내키게 하다; 기울다; 기울이다,...할 마음이 내키게 하다; (특정한 방향으로) 기울다; 기울이다
intermediate,30,,3,inclined,derived,...할 마음이 있는; ...하는 경향이 있는,(강하지는 않지만) ...할 마음이 있는; ...하는 경향이 있는
intermediate,30,,4,inclination,derived,"의향, 성향; 경향","의향, 성향; 경향"
intermediate,30,,5,climate,headword,"기후; 풍토, 풍조, 분위기","(특정 지역의) 기후; (어떤 지역, 시기의) 풍토, 풍조, 분위기"
intermediate,30,,6,final,headword,"최종적인, 최후의, 마지막의; 최후의 것; 결승; 기말고사","최종적인, 최후의, 마지막의; 최후의 것; 결승(전); 기말고사"
intermediate,30,,7,finally,derived,"마침내, 드디어; 최종적으로","마침내, 드디어; 최종적으로"
intermediate,30,,8,finance,headword,"재정, 재무; 자금; 자본을 제공하다, 자금을 융통하다","재정, 재무; (공적, 개인적) 자금; 자본을 제공하다, 자금을 융통하다"
intermediate,30,,9,financial,derived,"재정의, 재무의, 금융상의","재정(상)의, 재무의, 금융상의"
intermediate,30,,10,confine,headword,"한정하다; 가두다, 감금하다","(...에) 한정[제한]하다; (...에) 가두다, 감금하다"
intermediate,30,,11,confinement,derived,"감금, 갇힘","감금, 갇힘"
intermediate,30,,12,refine,headword,"정제하다; 개선하다, 다듬다","정제하다; (의견, 방법, 제도 등을) 개선하다, 다듬다"
intermediate,30,,13,refined,derived,"정제된; 개선된, 다듬어진; 세련된, 고상한","정제된; 개선된, 다듬어진; 세련된, 고상한"
intermediate,30,,14,refinement,derived,"정제, 순화; 개선; 세련됨, 고상함","정제, 순화; 개선; 세련됨, 고상함"
intermediate,30,,15,define,headword,"규정하다, 한정하다, 명확히 하다; 정의하다","(범위, 경계 등을) 규정하다, 한정하다, 명확히 하다; (의미를) 정의하다"
intermediate,30,,16,definition,derived,"정의, 의미","정의, 의미"
intermediate,30,,17,definite,derived,"명확한, 확실한, 확정된","명확한, 확실한, 확정된"
intermediate,30,,18,definitely,derived,틀림없이,틀림없이
intermediate,30,,19,infinite,headword,무한한,무한한
intermediate,30,,20,infinity,derived,"무한, 무궁; 무한대","무한(성), 무궁; 무한대"
intermediate,30,,21,demand,headword,"요구하다, 청구하다; 요구; 수요","요구[요청]하다, 청구하다; 요구; 수요"
intermediate,30,,22,demanding,derived,"많은 노력을 요하는, 힘든; 요구가 지나친","많은 노력을 요하는, 힘든; (사람이) 요구가 지나친"
intermediate,30,,23,command,headword,명령; 지휘,"명령[지시]하다; 지휘[통제]하다; (존경, 관심 등을) 받다; (경치가) 내려다보이다; 명령, 지시; 지휘, 통제; 명령어"
intermediate,30,,24,commander,derived,"지휘관, 사령관","지휘관, 사령관"
intermediate,30,,25,mandate,headword,"명령하다, 규정하다; 위임하다; 권한, 위임; 명령, 지시, 규정","명령하다, (법률로) 규정하다; 위임하다; (선거로 부여된) 권한, 위임; 명령, 지시, 규정"
intermediate,30,,26,mandatory,derived,의무적인,"(법, 규칙에 의해) 의무적인"
intermediate,30,,27,recommend,headword,권하다; 추천하다,(...하도록) 권하다; 추천하다
intermediate,30,,28,recommendation,derived,권고 ; 추천,권고 (행위); 추천(장)
intermediate,30,,29,local,headword,"지역의, 지방의, 현지의; 국부의; 주민, 현지인","(그) 지역의, 지방의, 현지의; 국부(전체 중 일부)의; (특정 지역의) 주민, 현지인"
intermediate,30,,30,locate,headword,"...의 위치를 파악하다; ...의 위치를 ~에 정하다, 두다, 설치하다","...의 위치[장소]를 파악하다; ...의 위치를 ~에 정하다, 두다, 설치하다"
intermediate,30,,31,location,derived,"위치, 장소","(건물 등이 있는) 위치, 장소"
intermediate,30,,32,allocate,headword,"할당하다, 배분하다","(임무, 자금, 시간 등을) 할당하다, 배분하다"
intermediate,30,,33,allocation,derived,"할당, 배당","할당(량), 배당(액)"
intermediate,30,,34,pathetic,headword,"한심한, 형편없는; 애처로운, 가슴 아픈","한심한, 형편없는; 애처로운, 가슴 아픈"
intermediate,30,,35,empathy,headword,"공감 , 감정 이입","공감 (능력), 감정 이입"
intermediate,30,,36,empathetic(empathic),derived,감정을 이입하는[할 수 있는],감정을 이입하는[할 수 있는]
intermediate,30,,37,empathize,derived,공감하다,공감하다
intermediate,30,,38,sympathy,headword,"동정, 연민; 동감, 공감, 찬성","동정(심), 연민; 동감, 공감, 찬성"
intermediate,30,,39,sympathetic,derived,"동정적인, 가엾게 여기는; 호의적인, 공감하는; 호감이 가는","동정적인, 가엾게 여기는; 호의적인, 공감하는; (사람이) 호감이 가는"
intermediate,30,,40,sympathize,derived,"동정하다, 가엾게 여기다; 공감하다, 찬성하다","동정하다, 가엾게 여기다; 공감하다, 찬성하다"
intermediate,30,,41,antipathy,headword,"반감, 혐오","(강한) 반감, 혐오"
intermediate,30,,42,patient,headword,"참을성이 있는, 끈기 있는; 환자","참을성[인내심]이 있는, 끈기 있는; 환자"
intermediate,30,,43,patience,derived,"인내, 참을성, 끈기","인내(력), 참을성, 끈기"
intermediate,30,,44,passive,headword,"수동적인, 소극적인; 수동태인","수동적인, 소극적인; 수동태인"
intermediate,30,,45,passion,headword,"열정; 열중, 애착","열정; 열중, 애착"
intermediate,30,,46,passionate,derived,"열렬한, 정열적인","열렬한, 정열적인"
intermediate,30,,47,compassion,headword,"동정, 측은하게 여기는 마음","(깊은) 동정, (남을) 측은하게 여기는 마음"
intermediate,30,,48,compassionate,derived,"동정하는, 가엾게 여기는","동정하는, 가엾게 여기는"
intermediate,31,,1,capital,headword,"수도, 중심지; 대문자; 자본; 대문자의; 주요한","수도, 중심지; 대문자; 자본(금); 대문자의; 주요한"
intermediate,31,,2,capitalism,derived,자본주의,자본주의
intermediate,31,,3,capitalist,derived,자본주의자; 자본가,자본주의자; 자본가
intermediate,31,,4,chief,headword,"우두머리, 장; 주요한, 중요한; 최고의, 우두머리의","(조직, 단체의) 우두머리, 장(長); 주요한, 중요한; (지위, 계급 등에 있어) 최고의, 우두머리의"
intermediate,31,,5,chiefly,derived,"대개, 주로","대개, 주로"
intermediate,31,,6,achieve,headword,"이루다, 성취하다, 달성하다","(일, 목적 등을 노력하여) 이루다, 성취하다, 달성하다"
intermediate,31,,7,achievement,derived,"업적, 공적; 성취, 달성","업적, 공적; 성취, 달성"
intermediate,31,,8,assume,headword,"가정하다, 추측하다; 맡다; ...인 체하다, 가장하다","가정하다, 추측하다; (책임, 임무 등을) (떠)맡다; ...인 체하다, 가장하다"
intermediate,31,,9,assumption,derived,"가정, 추측, 추정","가정, 추측, 추정"
intermediate,31,,10,consume,headword,"소비하다, 쓰다; 먹다, 마시다","(시간, 돈, 에너지 등을) 소비하다, 쓰다; 먹다, 마시다"
intermediate,31,,11,consumer,derived,소비자,소비자
intermediate,31,,12,consumption,derived,"소비, 사용; 섭취","소비(량[액]), 사용; (음식) 섭취(량)"
intermediate,31,,13,presume,headword,"가정하다, 추측하다","가정하다, 추측하다"
intermediate,31,,14,presumption,derived,"가정, 추측","가정, 추측"
intermediate,31,,15,resume,headword,"다시 시작하다, 재개하다; 되찾다, 다시 차지하다","(일시적으로 중단된 후) 다시 시작하다, 재개하다; (자리, 지위 등을) 되찾다, 다시 차지하다"
intermediate,31,,16,resumption,derived,"재개, 회수, 되찾음","재개, 회수, 되찾음"
intermediate,31,,17,equal,headword,"같은, 평등한; ...와 같다, ...에 필적하다","(수, 양, 크기, 가치, 기회 등이) 같은, 평등한; ...와 같다, ...에 필적하다"
intermediate,31,,18,equally,derived,"동등하게, 평등하게, 균등하게","동등하게, 평등하게, 균등하게"
intermediate,31,,19,equality,derived,평등,평등
intermediate,31,,20,equate,derived,동일시하다; 일치하다,동일시하다; 일치하다
intermediate,31,,21,equation,derived,방정식,방정식
intermediate,31,,22,equator,derived,적도,적도
intermediate,31,,23,equivalent,headword,"동등한, 대등한; ...에 상당하는; 동등한 것","(양, 가치, 중요성 등이) 동등한, 대등한; ...에 상당하는; 동등한 것"
intermediate,31,,24,adequate,headword,"충분한, 적당한; 괜찮은, 고만고만한","(어떤 목적에 맞게) 충분한, 적당한; (훌륭하지는 않지만) 괜찮은, 고만고만한"
intermediate,31,,25,identify,headword,확인하다; 동일시하다,"(신원, 사실, 문제 등을) 확인하다; (...와) 동일시하다"
intermediate,31,,26,identity,derived,"신원, 정체; 정체성, 독자성; 동일함, 일치","신원, 정체; 정체성, 독자성; 동일함, 일치"
intermediate,31,,27,identification,derived,"신분 증명, 신원 확인","신분 증명(서), 신원 확인"
intermediate,31,,28,identical,derived,동일한,동일한
intermediate,31,,29,solve,headword,"풀다, 해결하다","(문제 등을) 풀다, 해결하다"
intermediate,31,,30,solution,derived,"해결, 해답; 용액, 용해","해결(책), 해답; 용액, 용해"
intermediate,31,,31,solvent,derived,"용해되는; 용해하는; 지불 능력이 있는; 용제, 용매","용해되는; 용해하는; 지불 능력이 있는; 용제, 용매"
intermediate,31,,32,solvable,derived,"해결 가능한, 풀 수 있는","해결 가능한, 풀 수 있는"
intermediate,31,,33,resolve,headword,"해결하다; 결정하다, 결심하다; 결심, 단호한 의지","해결하다; 결정하다, 결심하다; (굳은) 결심, 단호한 의지"
intermediate,31,,34,resolution,derived,결심; 결단력; 해결; 해상도,결심; 결단력; 해결; 해상도
intermediate,31,,35,resolute,derived,"굳게 결심한, 단호한","굳게 결심한, 단호한"
intermediate,31,,36,dissolve,headword,"녹이다; 종료하다, 해산시키다; 사라지다, 흩어지다","(고체를[가] 액체로) 녹이다[녹다]; (계약, 모임 등을) 종료하다, 해산시키다; 사라지다, 흩어지다"
intermediate,31,,37,negative,headword,"부정적인; 반대하는; 음성의; 음극의; 음수의; 부정, 반대; 거부, 거절","부정적인; 반대하는; 음성의; 음극의; 음수의; 부정, 반대; 거부, 거절"
intermediate,31,,38,deny,headword,"부인하다, 부정하다; 거절하다","부인하다, 부정하다; 거절하다"
intermediate,31,,39,denial,derived,"부인, 부정; 거절, 거부","부인, 부정; 거절, 거부"
intermediate,31,,40,neutral,headword,"중립의; 중간의; 중립인 것, 중립국","중립의; (색, 모음, 성질 등이) 중간의; 중립인 것, 중립국"
intermediate,31,,41,neutrality,derived,"중립 , 중립성","중립 (상태), 중립성"
intermediate,31,,42,logic,headword,"논리, 논법","논리(학), 논법"
intermediate,31,,43,logical,derived,논리적인; 논리학의,논리적인; 논리학의
intermediate,31,,44,analogy,headword,"유사점, 비슷함; 비유; 유추, 추론","유사점, 비슷함; 비유; 유추(에 의한 설명), 추론"
intermediate,31,,45,apology,headword,"사과, 사죄","사과, 사죄"
intermediate,31,,46,apologize,derived,"사과하다, 사죄하다","사과하다, 사죄하다"
intermediate,31,,47,apologetic,derived,"사과의, 사죄하는","사과의, 사죄하는"
intermediate,31,,48,catalogue(catalog),headword,"(상품 등의) 목록, 일람표, 카탈로그; 목록을 만들다","(상품 등의) 목록, 일람표, 카탈로그; 목록을 만들다"
intermediate,31,,49,ecology,headword,"생태학, 생태계","생태학, 생태계"
intermediate,31,,50,ecological,derived,"생태학의, 생태계의","생태학의, 생태계의"
intermediate,31,,51,ecologist,derived,생태학자,생태학자
intermediate,31,,52,psychology,headword,심리학; 심리,심리학; 심리 (상태)
intermediate,31,,53,psychological,derived,심리적인; 심리학의,심리적인; 심리학의
intermediate,31,,54,psychologist,derived,심리학자,심리학자
intermediate,31,,55,memory,headword,"기억, 추억; 기념, 추모; 메모리, 기억 장치","기억(력), 추억; 기념, 추모; 메모리, 기억 장치"
intermediate,31,,56,memorize,derived,"암기하다, 기억하다","암기하다, 기억하다"
intermediate,31,,57,memorial,derived,"기념물, 기념관; 기념의","기념물, 기념관[비]; 기념[추도]의"
intermediate,31,,58,memorable,derived,기억할 만한,기억[주목]할 만한
intermediate,31,,59,remember,headword,"기억하다; 상기하다, 생각해내다","기억하다; 상기하다, 생각해내다"
intermediate,31,,60,remembrance,derived,"기념, 추모; 기억, 추억, 회상","기념, 추모; 기억, 추억, 회상"
intermediate,32,,1,cause,headword,"원인, 이유; 야기하다, 초래하다","원인, 이유; 야기하다, 초래하다"
intermediate,32,,2,causal,derived,인과 관계의,인과 관계의
intermediate,32,,3,causality,derived,인과 관계,인과 관계
intermediate,32,,4,accuse,headword,"고발하다, 기소하다; 비난하다","(범죄 등의 혐의로) 고발하다, 기소하다; 비난하다"
intermediate,32,,5,accusation,derived,비난; 고발,비난; 고발
intermediate,32,,6,excuse,headword,"용서하다, 봐주다; 변명하다; 변명이 되다; 양해를 구하다; 변명, 이유","용서하다, 봐주다; 변명하다; (...에 대한) 변명이 되다; 양해를 구하다; 변명, 이유"
intermediate,32,,7,excusable,derived,"변명이 되는, 용서할 수 있는","변명이 되는, 용서할 수 있는"
intermediate,32,,8,via,headword,"...을 경유하여, ...을 거쳐; ...을 매개로 하여, ...을 통해서","...을 경유하여, ...을 거쳐; ...을 매개로 하여, ...을 통해서"
intermediate,32,,9,obvious,headword,"분명한, 명백한","분명한, 명백한"
intermediate,32,,10,obviously,derived,"명백히, 뚜렷이","명백히, 뚜렷이"
intermediate,32,,11,previous,headword,"이전의, 앞의, 사전의","이전의, 앞의, 사전의"
intermediate,32,,12,previously,derived,"이전에, 미리","이전에, 미리"
intermediate,32,,13,convey,headword,"전하다; 나르다, 수송하다","(생각, 감정 등을) 전하다; 나르다, 수송하다"
intermediate,32,,14,voyage,headword,"항해, 여행","항해(하다), 여행(하다)"
intermediate,32,,15,range,headword,"다양한 것들; 범위; 산맥; ...에 이르다; 배열하다, 배치하다","(특정 종류 내에서의) 다양한 것들; 범위; 산맥; (범위가) ...에 이르다; 배열하다, 배치하다"
intermediate,32,,16,arrange,headword,"계획하다, 마련하다; 배열하다; 편곡하다","(미리) 계획하다, 마련하다; 배열[정돈]하다; 편곡하다"
intermediate,32,,17,arrangement,derived,"준비, 계획; 배열, 정리; 협정, 합의; 편곡","준비, 계획; 배열, 정리; 협정, 합의; 편곡"
intermediate,32,,18,rank,headword,"계급, 지위; 열, 줄, 정렬; 위치하다; 위치시키다; 등급을 매기다","계급, 지위; 열, 줄, 정렬; (...에) 위치하다; 위치시키다; 등급을 매기다"
intermediate,32,,19,depend,headword,"의지하다, 믿다; ...에 달려 있다","의지[의존]하다, 믿다; ...에 달려 있다"
intermediate,32,,20,dependent,derived,"의지하는; 결정되는, 좌우되는","(...에) 의지하는; (...에 의해) 결정되는, 좌우되는"
intermediate,32,,21,dependence,derived,"의존, 종속","의존, 종속"
intermediate,32,,22,suspend,headword,"일시 중지하다; 정직시키다, 정학시키다; 매달다, 걸다; 연기하다, 유보하다","(활동, 대화, 일 등을) 일시 중지[중단]하다; 정직(停職)시키다, 정학시키다; 매달다, 걸다; (판단, 결정을) 연기하다, 유보하다"
intermediate,32,,23,suspension,derived,"일시적 중지; 정직, 정학","일시적 중지; 정직(停職), 정학"
intermediate,32,,24,suspense,derived,"불안, 걱정, 긴장감","불안, 걱정, 긴장감"
intermediate,32,,25,expend,headword,"쓰다, 들이다","(돈, 시간, 노력 등을) 쓰다, 들이다"
intermediate,32,,26,expenditure,derived,"지출, 소비, 소모","지출, 소비, 소모"
intermediate,32,,27,expense,derived,"비용, 경비","비용, 경비"
intermediate,32,,28,expensive,derived,비싼,비싼
intermediate,32,,29,compensate,headword,"보완하다, 상쇄하다; 보상하다, 배상하다","(손실, 결점 등을) 보완하다, 상쇄하다; (손해, 부상 등을) 보상하다, 배상하다"
intermediate,32,,30,compensation,derived,"보충, 보완; 보상, 배상","보충, 보완; 보상, 배상"
intermediate,32,,31,pension,headword,연금,연금
intermediate,32,,32,ponder,headword,"깊이 생각하다, 심사숙고하다","깊이[곰곰이] 생각하다, 심사숙고하다"
intermediate,32,,33,apt,headword,"...하는 경향이 있는, ...하기 쉬운; 적절한","...하는 경향이 있는, ...하기 쉬운; 적절한"
intermediate,32,,34,aptitude,derived,"재능, 소질, 적성; 경향, 습성","재능, 소질, 적성; 경향, 습성"
intermediate,32,,35,adapt,headword,"적응시키다, 적합하게 하다; 적응하다; 각색하다, 개작하다","적응시키다, 적합하게 하다; 적응하다; (소설, 극 등을) 각색하다, 개작하다"
intermediate,32,,36,adaptation,derived,"각색, 개작; 적응, 적합","각색, 개작(물); 적응, 적합"
intermediate,32,,37,adaptive,derived,"적응할 수 있는, 조정하는","적응할 수 있는, 조정하는"
intermediate,32,,38,attitude,headword,"태도, 의견, 심정, 마음가짐; 자세","(...에 대해 내비치는) 태도, 의견, 심정, 마음가짐; 자세"
intermediate,32,,39,respond,headword,반응하다; 대답하다,"(말, 행동, 치료 등에) 반응하다; (질문 등에) 대답[응답]하다"
intermediate,32,,40,response,derived,"반응; 대답, 응답","반응; 대답, 응답"
intermediate,32,,41,respondent,derived,응답자,응답자
intermediate,32,,42,responsive,derived,즉각 반응하는; 호응하는,(긍정적으로) 즉각 반응[대응]하는; 호응하는
intermediate,32,,43,responsible,headword,"...을 책임지고 있는, 맡고 있는; ...에 책임이 있는, 원인이 되는; 책임감 있는","...을 책임지고 있는, 맡고 있는; ...에 책임이 있는, 원인이 되는; 책임감 있는"
intermediate,32,,44,responsibility,derived,"책임, 의무","책임, 의무"
intermediate,32,,45,sponsor,headword,"후원자, 스폰서; 후원하다","후원자, 스폰서; (행사, 활동, 자선 단체 등을) 후원하다"
intermediate,33,,1,attribute,headword,"…의 탓으로 돌리다; 속성, 특성","...의 탓[덕]으로 돌리다; 속성, 특성"
intermediate,33,,2,attribution,derived,"귀속되는 것; 속성, 특성","귀속되는 것; 속성, 특성"
intermediate,33,,3,contribute,headword,"기부하다; …에 기여하다, 공헌하다; 기고하다","기부하다, 기증하다; ...에 기여하다, 공헌하다, 도움이 되다; (신문, 잡지 등에) 기고하다"
intermediate,33,,4,contribution,derived,"기부, 기증; 공헌, 기여; 기고문","기부(금), 기증(품); 공헌, 기여; 기고문"
intermediate,33,,5,distribute,headword,"분배하다, 배급하다, 배포하다","분배하다, 배급하다, 배포하다"
intermediate,33,,6,distribution,derived,"분배, 배급; 분포; 유통","분배, 배급; (인구 등의) 분포; 유통"
intermediate,33,,7,congratulate,headword,"축하하다, 축하의 말을 하다","축하하다, 축하의 말을 하다"
intermediate,33,,8,congratulation,derived,"축하, 경축","축하, 경축"
intermediate,33,,9,gratify,headword,"기쁘게 하다, 만족시키다; 충족시키다","(...을) 기쁘게 하다, 만족시키다; (욕구, 욕망 등을) 충족시키다"
intermediate,33,,10,gratification,derived,"만족시키기; 만족감, 기쁨","만족시키기; 만족감, 기쁨"
intermediate,33,,11,gratitude,headword,감사,감사(의 마음)
intermediate,33,,12,grateful,derived,"감사하는, 고마워하는","감사하는, 고마워하는"
intermediate,33,,13,grace,headword,"우아함; 친절함; 은총, 은혜","우아함; 친절함; (신의) 은총, 은혜"
intermediate,33,,14,graceful,derived,"우아한, 고상한","우아한, 고상한"
intermediate,33,,15,gracious,derived,"친절한, 정중한; 품위 있는","친절한, 정중한; (생활 등이) 품위 있는"
intermediate,33,,16,disgrace,derived,"불명예, 창피","불명예, 창피"
intermediate,33,,17,agree,headword,"동의하다, 의견이 일치하다; 찬성하다, 응하다; 일치하다","(의견 등에) 동의하다, (...와) 의견이 일치하다; (제안에) 찬성하다, 응하다; (정보 등이) 일치하다"
intermediate,33,,18,agreement,derived,"협정, 계약; 동의, 합의","협정, 계약; 동의, 합의"
intermediate,33,,19,agreeable,derived,"기분 좋은; 동의하는, 받아들일 수 있는","기분 좋은; 동의하는, 받아들일 수 있는"
intermediate,33,,20,operate,headword,작동하다; 작동시키다; 영업하다; 수술하다,작동하다; 작동시키다; (사업체 등이) 영업[작업]하다; 수술하다
intermediate,33,,21,operation,derived,"수술; 사업, 영업; 작업, 조작","수술; 사업, 영업; (기계 등의) 작업, 조작"
intermediate,33,,22,operator,derived,조작자; 운영자,(기계 등의) 조작자; 운영[경영]자
intermediate,33,,23,cooperate,headword,"협력하다, 협동하다, 협조하다","협력하다, 협동하다, 협조하다"
intermediate,33,,24,cooperation,derived,"협력, 협동, 협조","협력, 협동, 협조"
intermediate,33,,25,cooperative,derived,"협력하는, 협동의; 협동 조합의; 협동 조합","협력하는, 협동의; 협동 조합의; 협동 조합"
intermediate,33,,26,distinguish,headword,"구별하다, 분간하다; 두드러지게 하다, 유명하게 하다","구별하다, 분간하다; 두드러지게 하다, 유명하게 하다"
intermediate,33,,27,distinguished,derived,"성공을 이루어낸, 존경받는, 저명한; 기품 있는, 품위 있는","성공을 이루어낸, 존경받는, 저명한; 기품 있는, 품위 있는"
intermediate,33,,28,extinguish,headword,"끄다; 끝내다, 소멸시키다","(불 등을) 끄다; 끝내다, 소멸시키다"
intermediate,33,,29,extinct,headword,"멸종한, 사멸한; 활동을 멈춘","(종족, 생물 등이) 멸종한, 사멸한; (화산 등이) 활동을 멈춘"
intermediate,33,,30,extinction,derived,"멸종, 사멸, 소멸","멸종, 사멸, 소멸"
intermediate,33,,31,extinctive,derived,소멸성의,소멸성의
intermediate,33,,32,distinct,headword,"별개의, 다른; 독특한; 확실한, 명료한","별개의, 다른; 독특한; 확실한, 명료한"
intermediate,33,,33,distinction,derived,"구별, 차이; 탁월, 우수, 특징","구별, 차이; 탁월, 우수, 특징"
intermediate,33,,34,distinctive,derived,"구별되는, 독특한","(다른 것과) 구별되는, 독특한"
intermediate,33,,35,instinct,headword,"본능, 본성","본능, 본성"
intermediate,33,,36,instinctive,derived,본능적인,본능적인
intermediate,33,,37,instinctively,derived,본능적으로,본능적으로
intermediate,33,,38,stimulate,headword,"자극하다, 촉진하다; 격려하다, 고무하다","자극하다, 촉진하다; 격려하다, 고무하다"
intermediate,33,,39,stimulation,derived,"자극, 흥분","자극, 흥분"
intermediate,33,,40,stimulus,derived,"자극제, 자극이 되는 것","자극제, 자극이[고무/격려가] 되는 것"
intermediate,33,,41,regard,headword,"여기다, 간주하다; 응시하다, 보다; 존중, 존경; 주목, 주의; 안부","(...로) 여기다, 간주하다; (어떤 감정을 갖고) 응시하다, 보다; 존중, 존경; 주목, 주의; 안부"
intermediate,33,,42,regardless,derived,"무관심한, 개의치 않는","무관심한, 개의치 않는"
intermediate,33,,43,regarding,derived,...에 관해서,...에 관해서(는)
intermediate,33,,44,garment,headword,"의복, 옷","의복, 옷"
intermediate,33,,45,guard,headword,"경호원, 경비원, 보초; 보호 ; 지키다, 보호하다; 감시하다","경호원, 경비원, 보초; 보호 (장비); 지키다, 보호하다; 감시[경계]하다"
intermediate,33,,46,guardian,derived,"보호자, 후견인","보호자, (미성년자 등의) 후견인"
intermediate,33,,47,guarantee,headword,"보증, 보장; 보증서; 담보; 보장하다, 장담하다; ...을 확실하게 하다","보증, 보장; (상품 등의) 보증서; 담보(물); 보장[보증]하다, 장담하다; ...을 확실하게 하다"
intermediate,33,,48,float,headword,"물 위에 뜨다; 떠서 움직이다, 떠돌다","물 위에 뜨다[떠오르다]; (물 위나 공중에) 떠서 움직이다, 떠돌다"
intermediate,33,,49,afloat,derived,물에 뜬,물에 뜬[떠서]
intermediate,33,,50,flood,headword,"홍수; 쇄도, 폭주; 물에 잠기다; 범람하다; 쇄도하다, 밀려들다","홍수; 쇄도, 폭주; 물에 잠기다; 범람하다; 쇄도하다, 밀려들다"
intermediate,33,,51,flow,headword,"흐름; 교통의 흐름; 유통, 흐름; 흐르다","(액체, 기체, 전기 등의) 흐름; 교통의 흐름; (상품, 정보 등의) 유통, 흐름; (막힘 없이) 흐르다"
intermediate,33,,52,overflow,derived,넘치다; 넘침; 초과,넘치다; 넘침; 초과
intermediate,33,,53,inflow,derived,유입,유입
intermediate,33,,54,flee,headword,"재빨리 도망치다, 달아나다","재빨리 도망치다, 달아나다"
intermediate,33,,55,flight,derived,"비행, 여행; 항공편","비행, 여행; (특정 지역으로 가는) 항공편"
intermediate,34,,1,collect,headword,"수집하다, 모으다; 징수하다; 모금하다","수집하다, 모으다; (세금, 집세 등을) 징수하다; 모금하다"
intermediate,34,,2,collection,derived,수집; 징수; 모금,수집(물); (세금 등의) 징수; 모금
intermediate,34,,3,collective,derived,"집단의, 공동의","집단의, 공동의"
intermediate,34,,4,recollect,headword,"생각해내다, 회상하다","생각해내다, 회상하다"
intermediate,34,,5,recollection,derived,"추억, 기억","추억, 기억(력)"
intermediate,34,,6,elect,headword,"선거하다, 선출하다","선거하다, 선출하다"
intermediate,34,,7,election,derived,선거,선거
intermediate,34,,8,neglect,headword,"소홀히 하다, 게을리 하다; 무시하다, 간과하다; 태만, 소홀, 방치; 무시, 경시","(의무, 일, 보살핌 등을) 소홀히 하다, 게을리 하다; 무시[경시]하다, 간과하다; 태만, 소홀, 방치; 무시, 경시"
intermediate,34,,9,intellect,headword,"지성, 지력, 사고력; 지식인, 식자","지성, 지력, 사고력; 지식인, 식자(識者)"
intermediate,34,,10,intellectual,derived,"지적인, 지성의","지적인, 지성의; 지식인"
intermediate,34,,11,intelligent,derived,"영리한, 총명한","(사람, 동물의 머리가) 영리한, 총명한"
intermediate,34,,12,intelligence,derived,"지능, 이해력","지능, 지성, 이해력; (정부, 군대 등의) 정보(부), 첩보 기관"
intermediate,34,,13,elegant,headword,"우아한, 고상한, 세련된","우아한, 고상한, 세련된"
intermediate,34,,14,elegance,derived,"우아함, 고상함, 기품","우아함, 고상함, 기품"
intermediate,34,,15,claim,headword,주장; 요구,"(권리, 소유권, 사실 여부 등을) 주장(하다); (손해 배상 등을) 요구[청구](하다)"
intermediate,34,,16,proclaim,headword,"선언하다, 공표하다","(공식적으로) 선언하다, 공표하다"
intermediate,34,,17,proclamation,derived,선언,선언(서)
intermediate,34,,18,exclaim,headword,"외치다, 큰 소리로 말하다","외치다, 큰 소리로 말하다"
intermediate,34,,19,exclamation,derived,"외침, 절규","외침, 절규"
intermediate,34,,20,council,headword,"협의회, 심의회; 지방 의회","협의회, 심의회; 지방 의회"
intermediate,34,,21,bankrupt,headword,"파산한, 지불 불능의; 파산시키다; 파산자","파산한, 지불 불능의; 파산시키다; 파산자"
intermediate,34,,22,bankruptcy,derived,"파산, 부도","파산, 부도"
intermediate,34,,23,corrupt,headword,"부패한, 부정한; 부패시키다, 부정을 저지르게 하다","부패한, 부정한; 부패[타락]시키다, 부정을 저지르게 하다"
intermediate,34,,24,corruption,derived,"부패, 부정, 타락","부패, 부정, 타락"
intermediate,34,,25,disrupt,headword,"방해하다, 지장을 주다; 분열시키다","방해하다, 지장을 주다; 분열[붕괴]시키다"
intermediate,34,,26,disruption,derived,"붕괴, 파열, 혼란","붕괴, 파열, 혼란"
intermediate,34,,27,erupt,headword,갑자기 발생하다; 분출하다,"(폭력 사태, 소음 등이) 갑자기 발생하다; (용암, 화산재 등이) 분출하다"
intermediate,34,,28,eruption,derived,"폭발, 분출; 폭발, 발생","(화산) 폭발, (용암 등의) 분출; (감정 등의) 폭발, (사건 등의) 발생"
intermediate,34,,29,interrupt,headword,"가로막다, 방해하다; 중단시키다","가로막다, 방해하다; (일시적으로) 중단시키다"
intermediate,34,,30,interruption,derived,방해; 중단,방해(물); 중단
intermediate,34,,31,route,headword,"길, 경로; 노선, 항로; 방법, 수단","길, 경로; (버스, 기차 등의) 노선, 항로; 방법, 수단"
intermediate,34,,32,routine,headword,"일상적인 일, 틀에 박힌 일; 일상적인, 틀에 박힌","일상적인 일[과정], 틀에 박힌 일; 일상적인, 틀에 박힌"
intermediate,34,,33,alter,headword,"달라지다, 변하다; 바꾸다, 변하게 하다","달라지다, 변하다; 바꾸다, 변하게 하다"
intermediate,34,,34,alteration,derived,변화,변화
intermediate,34,,35,alternative,headword,"대안의, 대체할 수 있는; 대안, 대체","대안(代案)의, 대체할 수 있는; 대안(代案), 대체(물)"
intermediate,34,,36,alternate,derived,"번갈아 하는; 격일의, 하나 거르는; 대안의, 대체할 수 있는","번갈아 하는; 격일[주]의, 하나 거르는; 대안의, 대체할 수 있는; 번갈아 (나오게) 하다; 번갈아 나오다; ... 사이에서 왔다 갔다 하다"
intermediate,34,,37,alternately,derived,"번갈아, 교대로","번갈아, 교대로"
intermediate,34,,38,alternatively,derived,그 대신에,그 대신에
intermediate,34,,39,alien,headword,"외국의; 이질적인, 다른; 외계의; 외국인; 외계인, 우주인","외국(인)의; 이질적인, 다른; 외계의; (시민권 없이 거주하는) 외국인; 외계인, 우주인"
intermediate,34,,40,alienate,derived,"멀어지게 하다, 소외시키다","(사람을) 멀어지게 하다, 소외시키다"
intermediate,34,,41,describe,headword,"묘사하다, 기술하다","묘사하다, 기술하다"
intermediate,34,,42,description,derived,"묘사, 기술, 설명","묘사, 기술, 설명"
intermediate,34,,43,descriptive,derived,묘사적인,묘사적인
intermediate,34,,44,prescribe,headword,"처방하다; 규정하다, 정하다","(약 등을) 처방하다; (공식적으로) 규정하다, 정하다"
intermediate,34,,45,prescription,derived,"처방; 규정, 법규","처방(전); 규정, 법규"
intermediate,34,,46,prescriptive,derived,"규정하는, 명령하는; 규범적인","규정하는, 명령하는; 규범적인"
intermediate,34,,47,subscribe,headword,"구독하다; 서명하다, 서약하다","(신문, 잡지 등을) (정기) 구독하다; (문서에) 서명하다, 서약하다"
intermediate,34,,48,subscription,derived,구독; 기부; 가입,"(신문, 잡지 등의) 구독(료); 기부; 가입"
intermediate,34,,49,subscriber,derived,구독자; 기부자; 이용자,구독자; 기부자; 이용자
intermediate,35,,1,dictate,headword,"받아쓰게 하다, 구술하다; 명령하다","(말한 것을) 받아쓰게 하다, 구술하다; 명령[지시]하다"
intermediate,35,,2,dictator,derived,독재자,독재자
intermediate,35,,3,dictation,derived,"받아쓰기, 구술; 명령, 지시","받아쓰기, 구술; 명령, 지시"
intermediate,35,,4,addiction,headword,"중독, 열중, 탐닉","중독, 열중, 탐닉"
intermediate,35,,5,addict,derived,중독자; 중독되게 하다,중독자; 중독되게[빠지게] 하다
intermediate,35,,6,addicted,derived,"중독된, 푹 빠진","중독된, 푹 빠진"
intermediate,35,,7,addictive,derived,"중독의, 푹 빠진","중독(성)의, 푹 빠진"
intermediate,35,,8,contradict,headword,반박하다; ...와 모순되다,반박하다; ...와 모순되다
intermediate,35,,9,contradiction,derived,모순; 반박,모순; 반박
intermediate,35,,10,contradictory,derived,모순되는,"(진술, 정보 등이) 모순되는"
intermediate,35,,11,dedicate,headword,"바치다, 헌신하다","(시간, 노력, 정성, 돈 등을) 바치다, 헌신하다"
intermediate,35,,12,dedicated,derived,헌신적인,헌신적인
intermediate,35,,13,dedication,derived,"헌신, 헌납, 헌정","헌신, 헌납, 헌정"
intermediate,35,,14,indicate,headword,"가리키다, 지적하다; 암시하다, 나타내다","가리키다, 지적하다; 암시하다, 나타내다"
intermediate,35,,15,indication,derived,표시,표시
intermediate,35,,16,indicator,derived,"지표, 지수","지표, 지수"
intermediate,35,,17,index,headword,"색인, 목록; 지표, 지수","(책 뒤쪽의) 색인, 목록; 지표, 지수"
intermediate,35,,18,invade,headword,침략하다; 침해하다,침략[침입]하다; (권리 등을) 침해하다
intermediate,35,,19,invader,derived,"침략자, 침입자","침략자, 침입자"
intermediate,35,,20,invasion,derived,"침략, 침입; 침해, 침범","침략, 침입; 침해, 침범"
intermediate,35,,21,pervade,headword,"...에 널리 퍼지다, ...에 만연하다","...에 널리 퍼지다, ...에 만연하다[가득 차다]"
intermediate,35,,22,pervasive,derived,"만연하는, 스며드는","만연하는, 스며[배어]드는"
intermediate,35,,23,evade,headword,회피하다; 탈출하다,"(질문, 의무, 세금 등을) 회피하다; 탈출하다"
intermediate,35,,24,evasion,derived,"회피, 기피","회피, 기피"
intermediate,35,,25,moderate,headword,"보통의, 중간의; 온건한, 도를 지나치지 않는; 누그러뜨리다, 완화하다; 완화되다; 진행하다, 사회를 보다","(양, 크기, 정도 등이) 보통의, 중간의; 온건한, 도를 지나치지 않는; (감정, 속도, 강도 등을) 누그러뜨리다, 완화하다; 완화되다; (토론, 회의 등을) 진행하다, 사회를 보다"
intermediate,35,,26,modernize,headword,"현대화하다, 현대식으로 만들다","현대[근대]화하다, 현대식으로 만들다"
intermediate,35,,27,modern,derived,"현대의, 근대의; 현대적인","현대의, 근대의; 현대적인"
intermediate,35,,28,modernization,derived,"현대화, 근대화","현대화, 근대화"
intermediate,35,,29,modest,headword,"겸손한; 별로 많지 않은, 소박한; 단정한, 품위 있는","겸손한; 별로 많지[크지] 않은, 소박한; (태도 등이) 단정한, 품위 있는"
intermediate,35,,30,modesty,derived,겸손,겸손
intermediate,35,,31,modify,headword,"변경하다, 수정하다; 수식하다","변경하다, 수정하다; 수식하다"
intermediate,35,,32,modification,derived,"변경, 수정","변경, 수정"
intermediate,35,,33,accommodate,headword,숙박시키다; 수용하다; ...의 편의를 도모하다; 적응하다; 적응시키다,숙박시키다; (사람을) 수용하다; ...의 편의를 도모하다; (새로운 상황에) 적응하다; 적응시키다
intermediate,35,,34,accommodation,derived,"숙박 ; 합의, 조정","숙박 (시설); 합의, 조정"
intermediate,35,,35,commodity,headword,"상품, 판매상품","상품, 판매상품"
intermediate,35,,36,mold,headword,"형, 틀; 곰팡이; 틀에 넣어 만들다; 형성하다","(주조용의) 형, 틀; 곰팡이; 틀에 넣어 만들다; (성격, 태도 등을) 형성하다"
intermediate,35,,37,ordinary,headword,"보통의, 평범한, 통상적인","보통의, 평범한, 통상적인"
intermediate,35,,38,ordinarily,derived,"보통, 대체로","보통, 대체로"
intermediate,35,,39,subordinate,headword,"...을 하위에 놓다; 하위의, 하급의; 부차적인; 하급자","...을 하위에 놓다; (지위, 계급이) 하위의, 하급의; 부차[부수]적인; 하급자"
intermediate,35,,40,coordinate,headword,"조직화하다; 동등하게 조정하다; 조정하다; 꾸미다; 잘 어울리다; 동등한, 동격의, 대등한; 좌표; 동등한 것; 코디, 잘 조화되어 있는 것","조직화[편성]하다; 동등하게 조정하다; (몸의 움직임 등을) 조정하다; (옷, 가구 등을) 꾸미다; 잘 어울리다; 동등한, 동격의, 대등한; 좌표; 동등한 것[사람]; 코디, 잘 조화되어 있는 것"
intermediate,35,,41,coordination,derived,조직화; 조정; 조화; 협동,조직화; 조정; 조화; 협동
intermediate,35,,42,accident,headword,"사고, 재난; 우연한 일","사고, 재난; 우연한 일"
intermediate,35,,43,accidental,derived,"우연한, 뜻밖의","우연한, 뜻밖의"
intermediate,35,,44,accidentally,derived,"우연히, 실수로","우연히, 실수로"
intermediate,35,,45,incident,headword,사건,(특히 폭력적이거나 위험한) 사건
intermediate,35,,46,incidence,derived,"발병, 발생","(질병, 범죄, 사고 등의) 발병(률), 발생(률)"
intermediate,35,,47,incidental,derived,"부수적으로 일어나는, 부차적인","(...에) 부수적으로 일어나는, 부차적인"
intermediate,35,,48,incidentally,derived,"우연히; 그건 그렇고, 그런데","우연히; 그건 그렇고, 그런데"
intermediate,35,,49,coincidence,headword,우연; 일치,우연; (우연의) 일치
intermediate,35,,50,coincident,derived,일치하는; 동시에 일어나는,일치하는; 동시에 일어나는
intermediate,35,,51,coincidental,derived,우연의,우연의 (일치인)
intermediate,35,,52,coincidentally,derived,우연히,우연히
intermediate,35,,53,casual,headword,"느긋한, 무관심한; 격식을 차리지 않는, 평상시의; 우연한, 뜻하지 않은; 평상복","느긋한, 무관심한; 격식을 차리지 않는, 평상시의; 우연한, 뜻하지 않은; 평상복"
intermediate,35,,54,casually,derived,"격식 차리지 않고; 우연히, 별 생각 없이","격식 차리지 않고; 우연히, 별 생각 없이"
intermediate,35,,55,occasion,headword,"때, 경우; 특별한 일","(특정한) 때, 경우; 특별한 일[행사]"
intermediate,35,,56,occasional,derived,"때때로의, 가끔 일어나는","때때로의, 가끔 일어나는"
intermediate,35,,57,occasionally,derived,"때때로, 가끔","때때로, 가끔"
intermediate,35,,58,decay,headword,"썩다, 부식하다; 쇠퇴하다; 부패, 부식; 쇠퇴","썩다, 부식[부패]하다; 쇠퇴하다; 부패, 부식; 쇠퇴"
intermediate,36,,1,mechanism,headword,"기계 장치; 절차, 방법; 구조, 기제","기계 장치; 절차, 방법; 구조, 기제"
intermediate,36,,2,mechanic,headword,"기계공, 수리공, 정비공","기계공, 수리공, 정비공"
intermediate,36,,3,mechanical,derived,"기계의, 기계에 관한; 기계적인, 자동적인","기계의, 기계에 관한; 기계적인, 자동적인"
intermediate,36,,4,mechanics,derived,기계학,기계학
intermediate,36,,5,machinery,headword,기계류,기계류
intermediate,36,,6,minor,headword,"작은, 적은, 덜 중요한; 단조의; 미성년자; 부전공","작은, 적은, 덜 중요한; 단조의; 미성년자; 부전공"
intermediate,36,,7,minority,derived,소수; 소수 민족; 미성년기,(다수에 대한) 소수(파); 소수 민족[집단]; 미성년기
intermediate,36,,8,minimum,headword,"최소, 최저","최소(의), 최저(의)"
intermediate,36,,9,minimal,derived,"아주 적은, 최소의","아주 적은, 최소의"
intermediate,36,,10,minimize(minimise),derived,최소화하다; 축소하다,최소화하다; 축소하다
intermediate,36,,11,minister,headword,"성직자, 목사; 장관","성직자, 목사; (한국, 유럽 등의) 장관"
intermediate,36,,12,ministry,derived,"부, 장관; 성직자","(정부의) 부(部), 장관(직); 성직자"
intermediate,36,,13,administer,headword,"경영하다, 관리하다; 집행하다; 주다, 투여하다","경영[운영]하다, 관리하다; (법을) 집행하다; (약 등을) 주다, 투여하다"
intermediate,36,,14,administration,derived,"경영, 관리; 통치; 행정; 투여","경영, 관리; 통치; 행정(부); (약 등의) 투여"
intermediate,36,,15,administrative,derived,"관리상의, 행정상의","관리상의, 행정상의"
intermediate,36,,16,diminish,headword,"감소하다, 줄다; 감소시키다, 줄이다","감소하다, 줄다; 감소시키다, 줄이다"
intermediate,36,,17,eminent,headword,"저명한, 존경받는, 우수한","저명한, 존경받는, 우수한"
intermediate,36,,18,eminently,derived,"대단히, 탁월하게","대단히, 탁월하게"
intermediate,36,,19,imminent,headword,"임박한, 곧 일어날 것 같은","임박한, (위험, 재난 등이) 곧 일어날 것 같은"
intermediate,36,,20,prominent,headword,"유명한, 중요한; 눈에 띄는, 잘 보이는; 튀어나온, 돌출된","유명한, 중요한; 눈에 띄는, 잘 보이는; 튀어나온, 돌출된"
intermediate,36,,21,prominence,derived,"명성, 유명함; 두드러짐, 현저함","명성, 유명함; 두드러짐, 현저함"
intermediate,36,,22,domain,headword,"소유지, 영토; 영역, 범위; 도메인","소유지, 영토; (활동, 관심 등의) 영역, 범위; 도메인"
intermediate,36,,23,domestic,headword,"국내의; 가정의, 가정적인","국내의; 가정의, 가정적인"
intermediate,36,,24,domestically,derived,국내에서; 가정적으로,국내에서; 가정적으로
intermediate,36,,25,domesticate,derived,"사육하다, 길들이다","(동물을) 사육하다, 길들이다"
intermediate,36,,26,dominate,headword,"지배하다, 다스리다; 두드러지다, 우세하다","지배하다, 다스리다; 두드러지다, 우세하다"
intermediate,36,,27,dominant,derived,"지배적인, 우세한; 우성의","지배적인, 우세한; 우성의"
intermediate,36,,28,dominance,derived,"지배, 권세, 우월; 우성","지배, 권세, 우월; 우성"
intermediate,36,,29,domination,derived,"지배, 통치, 우세","지배, 통치, 우세"
intermediate,36,,30,predominant,headword,"두드러진, 현저한; 지배적인, 우세한","두드러진, 현저한; 지배적인, 우세한"
intermediate,36,,31,predominantly,derived,"대부분, 주로","대부분, 주로"
intermediate,36,,32,predominate,derived,"지배적이다, 우세하다","(수, 양적으로) 지배적이다, 우세하다"
intermediate,36,,33,melody,headword,"멜로디, 선율, 가락","멜로디, 선율, 가락"
intermediate,36,,34,tragedy,headword,"비극, 비극적 사건","비극, 비극적 사건"
intermediate,36,,35,tragic,derived,"비극의, 비참한","비극의, 비참한"
intermediate,36,,36,penalty,headword,"형벌, 처벌; 벌금; 불이익; 페널티, 벌칙, 벌점","형벌, 처벌; 벌금; (어떤 행위, 상황에 따르는) 불이익; (반칙에 대한) 페널티, 벌칙, 벌점"
intermediate,36,,37,penalize,derived,"벌하다, 처벌하다; 불리하게 하다; 반칙자에게 페널티를 적용하다","벌하다, 처벌하다; 불리하게 하다; 반칙자에게 페널티를[벌칙을] 적용하다"
intermediate,36,,38,punish,headword,"벌하다, 처벌하다","벌하다, 처벌하다"
intermediate,36,,39,punishment,derived,"형벌, 처벌","형벌, 처벌"
intermediate,36,,40,compel,headword,"억지로 ...하게 하다, 강요하다","억지로 ...하게 하다, 강요하다"
intermediate,36,,41,compulsory,derived,"강제적인, 의무적인","(규칙, 법에 의해) 강제적인, 의무적인"
intermediate,36,,42,expel,headword,"추방하다, 쫓아내다","추방하다, 쫓아내다"
intermediate,36,,43,appeal,headword,"호소하다, 간청하다; ...의 흥미를 끌다; 항소하다, 상고하다; 호소, 간청; 매력; 항소, 상고, 상소","(도움, 정보 등을) 호소하다, 간청하다; ...의 흥미를 끌다; 항소하다, 상고[상소]하다; 호소, 간청; 매력; 항소, 상고, 상소"
intermediate,36,,44,appealing,derived,매력적인; 호소하는,매력적인; 호소하는
intermediate,36,,45,polish,headword,"닦다, 윤이 나게 하다; 연마하다, 세련되게 다듬다; 광택; 윤 내기; 세련","(가구, 구두, 유리 등을) 닦다, 윤이 나게 하다; (실력, 태도를) 연마하다, 세련되게 다듬다; 광택(제); 윤 내기; 세련(됨)"
intermediate,36,,46,impulse,headword,"충동, 자극; 추진","(갑작스러운) 충동, 자극; 추진(력)"
intermediate,36,,47,impulsive,derived,충동적인,충동적인
intermediate,37,,1,legal,headword,법률의; 합법적인,법률(상)의; 합법적인
intermediate,37,,2,legally,derived,"법률적으로, 합법적으로","법률적으로, 합법적으로"
intermediate,37,,3,legislate,headword,"법률을 제정하다, 입법하다","법률을 제정하다, 입법하다"
intermediate,37,,4,legislation,derived,"법률 제정, 입법; 법률","법률 제정, 입법; 법률"
intermediate,37,,5,privilege,headword,"특권, 특전; 영광; 특권을 주다","특권, 특전; 영광; 특권을[특혜를] 주다"
intermediate,37,,6,privileged,derived,특권을 가진,특권을 가진
intermediate,37,,7,delegate,headword,"대표자, 대리인; 위임하다; 대표로 임명하다","대표자, 대리인; (권한, 임무 등을) 위임하다; 대표로 임명[파견]하다"
intermediate,37,,8,delegation,derived,위임; 대표단,위임; 대표단
intermediate,37,,9,legacy,headword,"유산, 유물, 물려받은 것","유산, 유물, 물려받은 것"
intermediate,37,,10,colleague,headword,동료,(직장) 동료
intermediate,37,,11,loyal,headword,"충성스러운, 충실한","충성스러운, 충실한"
intermediate,37,,12,loyalty,derived,"충성, 충실","충성(심), 충실"
intermediate,37,,13,labor(labour),headword,"(정신적, 육체적) 노동, 근로; 노동자 (계급); (열심히) 일하다, 노동하다","(정신적, 육체적) 노동, 근로; 노동자 (계급); (열심히) 일하다, 노동하다"
intermediate,37,,14,laborer,derived,노동자,(육체) 노동자
intermediate,37,,15,laborious,derived,"힘든, 고된","힘든, 고된"
intermediate,37,,16,laboratory,headword,"실험실, 연구소","실험실, 연구소[실]"
intermediate,37,,17,elaborate,headword,"정교한, 정성들여 만든; 상세히 말하다; 갈고 다듬다","정교한, 정성들여 만든; 상세히 말하다; 갈고 다듬다"
intermediate,37,,18,collaborate,headword,"협력하다, 공동으로 일하다","협력하다, 공동으로 일하다"
intermediate,37,,19,collaboration,derived,"협력, 협업","협력, 협업"
intermediate,37,,20,collaborative,derived,"협력하는, 합작의","협력하는, 합작의"
intermediate,37,,21,cast,headword,"던지다; 드리우다; 배우를 정하다, 배역을 맡기다; 던지다, 주다; 출연진; 깁스; 주형, 거푸집; 던지기","(낚싯줄, 주사위, 표 등을) 던지다; (빛, 그림자를) 드리우다; 배우를 정하다, 배역을 맡기다; (시선을) 던지다, (눈길을) 주다; (영화, 공연 등의) 출연진; 깁스; 주형(鑄型), 거푸집; 던지기"
intermediate,37,,22,broadcast,headword,"방송하다; 방송, 방영","방송[방영]하다; 방송, 방영(물)"
intermediate,37,,23,broadcaster,derived,"방송인, 아나운서; 방송국","방송인, 아나운서; 방송국"
intermediate,37,,24,forecast,headword,"예상하다, 예보하다; 예상, 예보","예상[예측]하다, 예보하다; 예상[예측], 예보"
intermediate,37,,25,terrible,headword,"무서운, 끔찍한; 심한, 대단한, 엄청난","무서운, 끔찍한; 심한, 대단한, 엄청난"
intermediate,37,,26,terribly,derived,"몹시, 매우","몹시, 매우"
intermediate,37,,27,terror,headword,"공포, 두려움; 테러","공포, 두려움; 테러 (행위)"
intermediate,37,,28,terrorist,derived,테러리스트,테러리스트
intermediate,37,,29,terrorize(terrorise),derived,공포에 떨게 하다,공포에 떨게 하다
intermediate,37,,30,terrify,headword,"겁나게 하다, 무섭게 하다","겁나게 하다, 무섭게 하다"
intermediate,37,,31,terrifying,derived,"겁나게 하는, 아주 무서운","겁나게 하는, 아주 무서운"
intermediate,37,,32,tone,headword,"음색, 음조, 음성; 어조, 말투; 색조","음색, 음조, 음성; 어조, 말투; 색조"
intermediate,37,,33,intonation,headword,"억양, 어조","억양, 어조"
intermediate,37,,34,monotonous,headword,"단조로운, 변화 없는; 지루한","단조로운, 변화 없는; 지루한"
intermediate,37,,35,monotony,derived,단조로움; 지루함,단조로움; 지루함
intermediate,37,,36,tune,headword,"가락, 곡, 선율; 조율하다; 맞추다","가락, 곡(曲), 선율; (악기를) 조율하다; (방송 주파수, 채널 등을) 맞추다"
intermediate,37,,37,sole,headword,"유일한, 단 하나의","유일한, 단 하나의"
intermediate,37,,38,solely,derived,"혼자서, 단독으로; 오로지, 단지","혼자서, 단독으로; 오로지, 단지"
intermediate,37,,39,solitary,headword,"고독한, 고독을 즐기는; 혼자서 하는, 혼자의; 외딴, 고립된","고독한, 고독을 즐기는; 혼자서 하는, 혼자의; 외딴, 고립된"
intermediate,37,,40,solitude,headword,"혼자 있음, 고독","혼자 있음, (혼자임을 즐기는) 고독"
intermediate,38,,1,passage,headword,"통로; 통행; 한 구절; 통과; 경과, 진행","통로; (사람, 탈것 등의) 통행; (책, 기사, 시 등의) 한 구절; (법안 등의) 통과; (시간의) 경과, 진행"
intermediate,38,,2,passenger,headword,"승객, 여객","승객, 여객"
intermediate,38,,3,passerby,headword,"통행인, 지나가는 사람","통행인, 지나가는 사람"
intermediate,38,,4,pastime,headword,"오락, 놀이, 심심풀이","(시간을 보내기 위한) 오락, 놀이, 심심풀이"
intermediate,38,,5,surpass,headword,"...을 능가하다, ...보다 낫다","...을 능가하다, ...보다 낫다"
intermediate,38,,6,bypass,headword,우회하다; 회피하다; 건너뛰다; 우회로,우회하다; 회피하다; (절차 등을) 건너뛰다; (자동차용) 우회로
intermediate,38,,7,pace,headword,"속도, 페이스; 걸음, 보폭","(일, 생활, 걸음 등의) 속도, 페이스; 걸음, 보폭"
intermediate,38,,8,pedal,headword,"발판, 페달; 페달을 밟다, 페달을 밟으며 가다","(자동차, 기계, 악기 등의) 발판, 페달; 페달을 밟다, 페달을 밟으며 가다[연주하다]"
intermediate,38,,9,expedition,headword,탐험,(특정 목적을 위한) 탐험[원정](대)
intermediate,38,,10,pedestrian,headword,보행자; 보행자의,보행자; 보행자(용)의
intermediate,38,,11,use,headword,"사용하다, 쓰다; 사용, 이용; 용도; 쓸모, 이익","사용하다, 쓰다; 사용, 이용; 용도; 쓸모, 이익"
intermediate,38,,12,used,derived,"익숙한; 중고의, 사용한","(...에) 익숙한; 중고의, 사용한"
intermediate,38,,13,useful,derived,"유용한, 쓸모 있는","유용한, 쓸모 있는"
intermediate,38,,14,useless,derived,"쓸모없는, 무익한","쓸모[소용]없는, 무익한"
intermediate,38,,15,usage,derived,"어법, 용법; 사용, 사용량","(언어의) 어법, 용법; 사용(법), 사용량"
intermediate,38,,16,abuse,headword,"학대하다; 남용하다, 오용하다; 학대;; 남용, 오용","학대하다; (권리, 약 등을) 남용하다, 오용하다; 학대;; 남용, 오용"
intermediate,38,,17,abusive,derived,"폭력적인, 학대하는; 독설의","폭력적인, 학대하는; 독설의"
intermediate,38,,18,utilize,headword,"활용하다, 이용하다","활용하다, 이용하다"
intermediate,38,,19,utility,derived,"공공 사업; 유용성, 효용","(전기, 수도, 가스 등의) 공공 사업[서비스]; 유용성, 효용"
intermediate,38,,20,utilization,derived,"활용, 이용","활용, 이용"
intermediate,38,,21,utilitarian,derived,실용적인; 실리주의의,실용적인; 실리주의의
intermediate,38,,22,utensil,headword,"도구, 기구","(특히 주방에서 쓰는) 도구, 기구"
intermediate,38,,23,just,headword,"올바른, 공평한; 적절한; 바로, 틀림없이; 지금 막, 방금; 단지, 그저","올바른, 공평한; 적절한; 바로, 틀림없이; 지금 막, 방금; 단지, 그저"
intermediate,38,,24,justice,derived,"정의, 공정; 사법, 재판","정의, 공정; 사법, 재판(관)"
intermediate,38,,25,justify,headword,"정당화하다, 옳다고 하다","정당화하다, 옳다고 하다"
intermediate,38,,26,justified,derived,"당연한, 정당한","당연한, 정당한"
intermediate,38,,27,justification,derived,정당화; 정당한 이유,정당화; 정당한 이유
intermediate,38,,28,judge,headword,"재판관, 판사; 심사위원, 심판; 판단하다; 심사하다, 판정하다; 재판하다, 판결을 내리다","재판관, 판사; (경기, 대회 등의) 심사위원, 심판; 판단하다; 심사하다, 판정하다; 재판[심판]하다, 판결을 내리다"
intermediate,38,,29,judgment(judgement),derived,"판단(력), 판정; 판결","판단(력), 판정; 판결"
intermediate,38,,30,prejudice,headword,"편견, 선입견; 편견을 갖게 하다","편견, 선입견; 편견을 갖게 하다"
intermediate,38,,31,injure,headword,"상처 입히다, 다치게 하다; 손상시키다, 훼손하다","상처 입히다, 다치게 하다; (감정, 명예 등을) 손상시키다, 훼손하다"
intermediate,38,,32,injury,derived,"상해, 부상; 손상, 훼손","상해, 부상; 손상, 훼손"
intermediate,38,,33,injurious,derived,"해로운, 유해한","해로운, 유해한"
intermediate,38,,34,experience,headword,"경험; 경험하다, 체험하다","경험; 경험하다, 체험하다"
intermediate,38,,35,experienced,derived,"경험이 있는, 노련한, 숙련된","경험이 있는, 노련한, 숙련된"
intermediate,38,,36,experiment,headword,"실험, 시도; 실험하다, 시도하다","(과학) 실험, 시도; 실험[시험]하다, 시도하다"
intermediate,38,,37,experimental,derived,"실험의, 실험에 의거한; 실험적인","실험(용)의, 실험에 의거한; 실험[시험]적인"
intermediate,38,,38,expert,headword,"전문가, 숙련가; 전문가의, 숙련된","전문가, 숙련가; 전문가의, 숙련된"
intermediate,38,,39,expertise,derived,전문 지식,전문 지식[기술]
intermediate,38,,40,peril,headword,"위험, 모험","위험, 모험"
intermediate,38,,41,perilous,derived,위험한,위험한
intermediate,38,,42,social,headword,"사회의, 사회적인","사회의, 사회적인; 사교상의, 친목의"
intermediate,38,,43,society,derived,"사회; 협회, 단체","사회; 협회, 단체"
intermediate,38,,44,sociable,derived,"사교적인, 붙임성 있는","사교적인, 붙임성 있는"
intermediate,38,,45,sociology,derived,사회학,사회학
intermediate,38,,46,associate,headword,"관련시켜 생각하다, 연상하다, 연관시키다; 교제하다; 동료, 친구; 준-, 부-; 제휴한, 한패의","관련시켜 생각하다, 연상하다, 연관시키다; (특히 나쁜 친구와) 교제하다; 동료, 친구; 준-, 부-; 제휴한, 한패의"
intermediate,38,,47,association,derived,"협회, 단체; 관련, 관계","협회, 단체; 관련, 관계"
intermediate,39,,1,vocal,headword,"목소리의, 음성의; 강하게 의견을 말하는; 보컬, 노래 부분","목소리의, 음성의; 강하게 의견을 말하는; 보컬, 노래 부분"
intermediate,39,,2,vocabulary,headword,어휘,어휘
intermediate,39,,3,vocation,headword,"천직, 직업; 소명, 사명감","천직, 직업; 소명, 사명감"
intermediate,39,,4,vocational,derived,직업의,직업(상)의
intermediate,39,,5,advocate,headword,"옹호하다, 지지하다; 옹호자, 지지자; 대변인, 중재인; 변호사","옹호하다, 지지하다; 옹호자, 지지자; 대변인, 중재인; 변호사"
intermediate,39,,6,advocacy,derived,"지지, 옹호; 변호","지지, 옹호; 변호"
intermediate,39,,7,evoke,headword,"일깨우다, 환기시키다","(기억, 감정을) 일깨우다, 환기시키다"
intermediate,39,,8,provoke,headword,"유발하다; 화나게 하다; 야기하다, 선동하다","(반응, 감정 등을) 유발하다; 화나게 하다; 야기하다, 선동하다"
intermediate,39,,9,provocation,derived,"도발, 자극","도발, 자극"
intermediate,39,,10,provocative,derived,"도발적인, 자극적인","도발적인, 자극적인"
intermediate,39,,11,invoke,headword,"빌다, 기원하다; 적용하다, 발동하다; 들다, 언급하다, 들먹이다","빌다, 기원하다; (법 등을) 적용하다, 발동하다; (근거로) 들다, 언급하다, 들먹이다"
intermediate,39,,12,long,headword,"간절히 바라다; 긴, 오랜; 길게, 오래","간절히 바라다; 긴, 오랜; 길게, 오래"
intermediate,39,,13,longing,derived,"갈망, 열망","갈망(하는), 열망(하는)"
intermediate,39,,14,belong,headword,"속하다, ...의 것이다; 있다, 있어야 하다","(...에) 속하다, ...의 것이다; (알맞은 장소, 상태에) 있다, 있어야 하다"
intermediate,39,,15,belongings,derived,"재산, 소유물","재산, 소유물"
intermediate,39,,16,prolong,headword,"연장하다, 지속시키다, 늘리다","연장하다, 지속시키다, 늘리다"
intermediate,39,,17,length,headword,길이; 세로; 기간,길이; 세로; 기간
intermediate,39,,18,lengthen,derived,길게 하다; 길어지다,길게 하다[늘이다]; 길어지다
intermediate,39,,19,linger,headword,"오래 머무르다, 남아 있다, 지속되다","오래 머무르다, 남아 있다, (오랜 기간) 지속되다"
intermediate,39,,20,community,headword,"공동체, 사회; 단체, 모임, 커뮤니티","(지역) 공동체, (공통의 성격을 가진) 사회; (취미, 종교 등을 공유하는) 단체, 모임, 커뮤니티"
intermediate,39,,21,common,headword,"일반의, 흔한, 보통의; 공통의, 공동의; 공통","일반의, 흔한, 보통의; 공통의, 공동의; 공통(점)"
intermediate,39,,22,uncommon,derived,"드문, 흔치 않은","(보기) 드문, 흔치 않은"
intermediate,39,,23,communicate,headword,"전달하다, 의사소통하다","(생각, 감정, 정보 등을) 전달하다, 의사소통하다"
intermediate,39,,24,communication,derived,"의사소통, 전달, 통신","의사소통, 전달, 통신"
intermediate,39,,25,popular,headword,"인기 있는; 대중적인, 대중의","인기 있는; 대중적인, 대중의"
intermediate,39,,26,popularity,derived,인기; 대중성,인기; 대중성
intermediate,39,,27,popularize,derived,"대중화하다, 많은 사람들에게 알리다","대중화하다, 많은 사람들에게 알리다"
intermediate,39,,28,population,headword,인구; 전체 주민,인구; (일정 지역의) 전체 주민
intermediate,39,,29,populate,derived,"거주시키다; 살다, 거주하다","(사람을) 거주시키다; (...에) 살다, 거주하다"
intermediate,39,,30,public,headword,"공공의, 일반 대중의; 공적인, 공사의; 공공연한, 공개된; 대중, 일반 사람들","공공의, 일반 대중의; 공적인, 공사(정부, 국가)의; 공공연한, 공개된; 대중, 일반 사람들"
intermediate,39,,31,publicity,derived,"평판, 널리 알려짐; 광고, 선전, 홍보","평판, 널리 알려짐; 광고, 선전, 홍보"
intermediate,39,,32,publish,headword,출판하다; 발표하다,출판[발행]하다; (정보 등을) 발표[공표]하다
intermediate,39,,33,publication,derived,"출판, 발행; 발표, 공표","출판, 발행; 발표, 공표"
intermediate,39,,34,publisher,derived,"출판인, 출판사","출판인, 출판사"
intermediate,39,,35,republic,headword,"공화국, 공화 정치 체제","공화국, 공화 정치 체제"
intermediate,39,,36,fragment,headword,"파편, 조각","파편, 조각"
intermediate,39,,37,fragile,headword,"부서지기 쉬운, 깨지기 쉬운; 허약한","부서지기 쉬운, 깨지기 쉬운; (체질이) 허약한"
intermediate,39,,38,fragility,derived,"부서지기 쉬움, 연약함","부서지기 쉬움, 연약함"
intermediate,39,,39,fraction,headword,"부분, 일부, 소량; 분수","부분, 일부, 소량; 분수(수학)"
intermediate,39,,40,grave,headword,"무덤; 중대한, 심각한; 엄숙한, 진지한; 조각하다, 새기다","무덤; 중대한, 심각한; 엄숙한, 진지한; 조각하다, 새기다"
intermediate,39,,41,gravity,derived,"중력, 무게; 심각함, 진지함","중력, 무게; 심각함, 진지함"
intermediate,39,,42,grief,headword,"슬픔, 비탄","(깊은) 슬픔, 비탄"
intermediate,39,,43,grieve,derived,"몹시 슬퍼하다, 비통해하다; 슬프게 하다","몹시 슬퍼하다, 비통해하다; 슬프게 하다"
intermediate,40,,1,disaster,headword,"재난, 참사, 큰 불행","(뜻밖의) 재난, 참사, 큰 불행"
intermediate,40,,2,disastrous,derived,"재난의, 비참한, 불행한","재난의, 비참한, 불행한"
intermediate,40,,3,astronaut,headword,우주 비행사,우주 비행사
intermediate,40,,4,astronomy,headword,천문학,천문학
intermediate,40,,5,astronomical,derived,"천문학의; 천문학적인, 방대한","천문학의; (수, 양 등이) 천문학적인, 방대한"
intermediate,40,,6,astronomer,derived,천문학자,천문학자
intermediate,40,,7,astrology,headword,"점성학, 점성술","점성학, 점성술"
intermediate,40,,8,desire,headword,"몹시 바라다, 원하다, 욕구하다; 욕구, 욕망, 소망","몹시 바라다, 원하다, 욕구하다; 욕구, 욕망, 소망"
intermediate,40,,9,desirable,derived,"바람직한, 가치 있는, 얻고 싶은","바람직한, 가치 있는, 얻고 싶은"
intermediate,40,,10,consider,headword,"생각하다, 숙고하다; 여기다, 간주하다; 고려하다, 존중하다","(곰곰이) 생각하다, 숙고하다; (...로) 여기다, 간주하다; (특정 사실을) 고려[참작]하다, (타인, 감정을) 존중[배려]하다"
intermediate,40,,11,considerate,derived,"사려 깊은, 배려하는","사려 깊은, 배려하는"
intermediate,40,,12,consideration,derived,"숙고, 고려; 참작, 배려","숙고, 고려 (사항); 참작, 배려"
intermediate,40,,13,considerable,derived,"상당한, 많은; 고려해야 할, 중요한","(양, 정도 등이) 상당한, 많은"
intermediate,40,,14,considerably,derived,"많이, 상당히","많이, 상당히"
intermediate,40,,15,considering,derived,...을 고려하면,...을 고려하면
intermediate,40,,16,surge,headword,"밀려들다, 쇄도하다; 급등하다, 급증하다; 격동, 쇄도; 급등, 급증","(군중, 감정 등이) 밀려들다, 쇄도하다; (가격, 수량 등이) 급등하다, 급증하다; 격동, 쇄도; 급등, 급증"
intermediate,40,,17,source,headword,"근원, 원천; 원인; 출처","근원, 원천; 원인; 출처"
intermediate,40,,18,resource,headword,"자원, 물자, 자산; 자료","자원, 물자, 자산; (학습, 연구) 자료"
intermediate,40,,19,sense,headword,"의 감각; 느낌, 감정; 분별력, 감각, 센스; (단어, 어구의 의미, 뜻; 느끼다, 감지하다, 알아채다","(오감(五感)의) 감각; 느낌, 감정; 분별[판단]력, 감각, 센스; (단어, 어구의) 의미, 뜻; 느끼다, 감지하다, 알아채다"
intermediate,40,,20,sensitive,derived,"섬세한; 민감한, 예민한","섬세한; 민감한, 예민한"
intermediate,40,,21,sensitivity,derived,"세심함; 민감, 예민함","세심함; 민감, 예민함"
intermediate,40,,22,sensible,derived,"분별 있는, 현명한","분별[지각] 있는, 현명한"
intermediate,40,,23,sensibility,derived,"감각, 감성; 감수성","(문화, 예술적) 감각, 감성; 감수성"
intermediate,40,,24,sensory,derived,감각의,감각의
intermediate,40,,25,senseless,derived,"분별 없는, 무분별한, 몰상식한; 무의미한","분별 없는, 무분별한, 몰상식한; 무의미한"
intermediate,40,,26,nonsense,headword,"무의미한 말, 터무니없는 생각","무의미한[어리석은] 말[행동], 터무니없는 생각"
intermediate,40,,27,sensation,headword,"감각; 느낌, 기분; 감동, 감흥; 세상을 놀라게 하는 것","감각; (설명하기 힘든) 느낌, 기분; 감동, 감흥; 세상을 놀라게 하는 것"
intermediate,40,,28,sensational,derived,세상을 놀라게 하는; 선정적인,세상을 놀라게 하는; 선정적인
intermediate,40,,29,sentiment,headword,"감정, 정서; 의견, 생각, 감상","감정, 정서; 의견, 생각, 감상"
intermediate,40,,30,sentimental,derived,"감정적인; 감상적인, 동정적인","감정적인; 감상적인, 동정적인"
intermediate,40,,31,consent,headword,"승낙, 허가, 동의; 승낙하다, 동의하다","승낙, 허가, 동의; 승낙[허락]하다, 동의하다"
intermediate,40,,32,consensus,derived,"의견 일치, 합의","의견 일치, 합의"
intermediate,40,,33,resent,headword,"분개하다, 화를 내다","분개하다, 화를 내다"
intermediate,40,,34,resentment,derived,"분개, 분노","분개, 분노"
intermediate,40,,35,resentful,derived,"분개하는, 화난","분개하는, 화난"
intermediate,40,,36,scent,headword,"향기, 냄새","향기, 냄새"
intermediate,40,,37,discord,headword,"불일치, 불화; 불협화음","(의견 등의) 불일치, 불화; 불협화음"
intermediate,40,,38,accord,headword,"부합하다, 일치하다; 부여하다; 일치; 협정, 합의","부합하다, 일치하다; 부여하다; (생각 등에 대한) 일치; (국가, 기관 간의) 협정, 합의"
intermediate,40,,39,accordance,derived,"일치, 합치, 부합","일치, 합치, 부합"
intermediate,40,,40,accordingly,derived,"따라서, 그러므로; 그에 맞게, 그에 따라서","따라서, 그러므로; 그에 맞게, 그에 따라서"
intermediate,40,,41,courage,headword,"용기, 담력","용기, 담력"
intermediate,40,,42,courageous,derived,용기 있는,용기[담력] 있는
intermediate,40,,43,encourage,headword,"용기를 북돋우다; 장려하다, 촉진하다, 조장하다","용기를 북돋우다; (...하는 것을) 장려하다, 촉진하다, 조장하다"
intermediate,40,,44,encouragement,derived,"격려, 고무; 장려, 조장","격려, 고무; 장려, 조장"
intermediate,40,,45,core,headword,"핵심, 중심부, 중요 부분; 심, 속; 핵심의, 가장 중요한, 중심적인","핵심, 중심부, 중요 부분; (사물의) 심, 속; 핵심의, 가장 중요한, 중심적인"
intermediate,40,,46,terminal,headword,"맨 끝의, 말단의; 종말의; 말기의; 종점, 종착역; 터미널","맨 끝의, 말단의; 종말의; (병이) 말기의; 종점, 종착역; (버스, 열차 등의) 터미널"
intermediate,40,,47,terminate,headword,"종결하다, 끝내다; 종결되다, 끝나다","종결하다, 끝내다; 종결되다, 끝나다"
intermediate,40,,48,termination,derived,"종결, 종료","(협상, 계약, 상황 등의) 종결, 종료"
intermediate,40,,49,determine,headword,"결정짓다, 좌우하다; 결심하다","결정짓다, 좌우하다; 결심하다"
intermediate,40,,50,determined,derived,"결연한, 단호한; 결심한","결연한, 단호한; (...하기로) 결심한"
intermediate,40,,51,determination,derived,"결심, 결의; 결정","결심, 결의; 결정"
intermediate,40,,52,term,headword,"용어, 말; 조건; 기간, 임기, 학기; 관계, 사이; 이름 짓다, 칭하다, 부르다","용어, 말; (계약 등의) 조건; 기간, 임기, 학기; 관계, 사이; (...라고) 이름 짓다, 칭하다, 부르다"
intermediate,41,,1,mental,headword,"정신의, 마음의","정신의, 마음의"
intermediate,41,,2,mention,headword,"언급, 거론; 언급하다, ...에 대해 말하다","언급, 거론; 언급[거론]하다, ...에 대해 말하다"
intermediate,41,,3,comment,headword,"의견, 논평","의견(을 말하다), 논평(하다)"
intermediate,41,,4,remind,headword,"상기시키다, 일깨워주다; 생각나게 하다","(기억하도록) 상기시키다, 일깨워주다; (과거의 사건, 사람 등을) 생각나게 하다"
intermediate,41,,5,reminder,derived,"생각나게 하는 것; 독촉장, 메모","생각나게 하는 것; 독촉장, (상기시키는) 메모"
intermediate,41,,6,monument,headword,"기념물, 기념관","기념물, 기념관"
intermediate,41,,7,monumental,derived,"기념비적인, 역사적 가치를 지닌","기념비적인, 역사적 가치를 지닌"
intermediate,41,,8,monitor,headword,"화면, 모니터; 감시, 감시하는 일; 감독하다, 관찰하다","(컴퓨터, TV 등의) 화면, 모니터; 감시[관찰](자), 감시[관찰]하는 일; 감독[감시]하다, 관찰하다"
intermediate,41,,9,summon,headword,"호출하다, 소환하다; 소집하다; 내다","호출하다, (법원에) 소환하다; (회의 등을) 소집하다; (용기 등을) 내다"
intermediate,41,,10,summons,derived,"소환장, 호출","(법원) 소환장, 호출"
intermediate,41,,11,eliminate,headword,"제거하다, 없애다","제거하다, 없애다"
intermediate,41,,12,elimination,derived,"제거, 삭제","제거, 삭제"
intermediate,41,,13,preliminary,headword,"예비의, 준비의; 예선의; 서두의; 예비, 준비; 예선전; 서두","예비의, 준비의; 예선의; 서두의; 예비, 준비; 예선전; 서두"
intermediate,41,,14,limit,headword,"제한; 경계; 한계, 극한, 최대치; 제한하다, 한정하다","(양, 속도 등의) 제한(선); 경계; 한계(량), 극한, 최대치; 제한하다, 한정하다"
intermediate,41,,15,limitation,derived,"제한, 한계, 규제","제한, 한계, 규제"
intermediate,41,,16,limited,derived,"제한적인, 한정된","제한적인, 한정된"
intermediate,41,,17,limitless,derived,"제한이 없는, 방대한","제한이 없는, 방대한"
intermediate,41,,18,text,headword,"본문, 글, 텍스트; 원문; 문자 메시지를 보내다","본문, (모든 형태의) 글, 텍스트; 원문; 문자 메시지를 보내다"
intermediate,41,,19,textbook,derived,"교과서, 교본","교과서, 교본"
intermediate,41,,20,context,headword,"배경, 정황; 문맥, 전후 관계","(사건 등의) 배경, 정황; (문장의) 문맥, 전후 관계"
intermediate,41,,21,textile,headword,"직물, 옷감","직물, 옷감"
intermediate,41,,22,texture,headword,"감촉, 질감, 결; 짜임새, 조화","감촉, 질감, 결; 짜임새, 조화"
intermediate,41,,23,comprehend,headword,"이해하다, 파악하다","이해하다, 파악하다"
intermediate,41,,24,comprehension,derived,이해,이해(력)
intermediate,41,,25,comprehensive,derived,"포괄적인, 광범위한","포괄적인, 광범위한"
intermediate,41,,26,comprehensible,derived,이해할 수 있는,이해할 수 있는
intermediate,41,,27,prison,headword,"감옥, 교도소","감옥, 교도소"
intermediate,41,,28,prisoner,derived,"죄수, 수감자; 포로","죄수, 수감자; 포로"
intermediate,41,,29,imprison,headword,"수감하다, 감금하다","수감하다, 감금하다"
intermediate,41,,30,imprisonment,derived,"투옥 , 감금","투옥 (상태), 감금"
intermediate,41,,31,surprise,headword,놀라게 하다; 놀람; 뜻밖의 일,놀라게 하다; 놀람; 뜻밖의 일
intermediate,41,,32,surprising,derived,"놀라운, 깜짝 놀랄 만한, 의외의","놀라운, 깜짝 놀랄 만한, 의외의"
intermediate,41,,33,surprisingly,derived,"놀랄 만큼, 의외로","놀랄 만큼, 의외로"
intermediate,41,,34,enterprise,headword,"기업, 회사; 진취적인 정신; 사업, 계획","기업, 회사; 진취적인 정신; (중요하거나 모험적인) 사업, 계획"
intermediate,41,,35,enterprising,derived,진취적인,"(사람, 행동이) 진취[모험]적인"
intermediate,41,,36,prey,headword,"먹이; 희생물, 희생자; 잡아먹다, 먹이로 삼다; 괴롭히다","먹이; 희생물, 희생자; 잡아먹다, 먹이로 삼다; 괴롭히다"
intermediate,41,,37,prosper,headword,"번영하다, 성공하다","(일, 사업 등이) 번영[번창]하다, 성공하다"
intermediate,41,,38,prosperous,derived,"번영하는, 성공한","번영하는, 성공한"
intermediate,41,,39,prosperity,derived,"번영, 성공","번영, 성공"
intermediate,41,,40,despair,headword,"절망, 자포자기","절망(하다), 자포자기(하다)"
intermediate,41,,41,desperate,derived,"절박한, 필사적인; 자포자기의; 심각한, 절망적인","절박한, 필사적인; 자포자기의; 심각한, 절망적인"
intermediate,41,,42,desperately,derived,필사적으로; 몹시,필사적으로; 몹시
intermediate,41,,43,please,headword,"기쁘게 하다, 만족시키다; 제발, 아무쪼록","기쁘게[즐겁게] 하다, 만족시키다; 제발, 아무쪼록"
intermediate,41,,44,pleased,derived,"기뻐하는, 만족하는","기뻐하는, 만족하는"
intermediate,41,,45,pleasing,derived,"기쁨을 주는, 만족스러운","기쁨을 주는, 만족스러운"
intermediate,41,,46,pleasant,derived,"즐거운, 기분 좋은","즐거운, 기분 좋은"
intermediate,41,,47,pleasure,derived,"기쁨, 즐거움","기쁨, 즐거움"
intermediate,41,,48,plead,headword,"애원하다, 간청하다; 주장하다","(...에게) 애원하다, 간청[탄원]하다; (소송에서) 주장[변론]하다"
intermediate,41,,49,plea,derived,"간청, 탄원; 항변, 주장","간청, 탄원; (소송에서의) 항변, 주장"
intermediate,42,,1,admit,headword,시인하다; 입장을 허가하다,"(사실, 비난 등을) 시인[인정]하다; 입장[입학]을 허가하다"
intermediate,42,,2,admission,derived,"입장 ; 시인, 인정; 입장료","입장[입학] (허가); 시인, 인정; 입장료"
intermediate,42,,3,commit,headword,"범하다, 저지르다; 전념하다; 약속하다, 서약하다; 보내다","(죄, 과실 등을) 범하다, 저지르다; 전념[헌신]하다; 약속하다, 서약하다; (감옥, 병원 등에) 보내다"
intermediate,42,,4,commitment,derived,"약속; 전념, 헌신; 의무, 책임","약속; 전념, 헌신; 의무, 책임"
intermediate,42,,5,committee,headword,위원회,위원회
intermediate,42,,6,emit,headword,"내뿜다, 방출하다","(가스, 빛, 열 등을) 내뿜다, 방출하다"
intermediate,42,,7,emission,derived,배출,"(가스, 빛, 열 등의) 배출(물)"
intermediate,42,,8,omit,headword,"생략하다, 빠뜨리다","생략하다, 빠뜨리다"
intermediate,42,,9,omission,derived,"생략, 누락","생략(된 것), 누락"
intermediate,42,,10,permit,headword,"허락하다, 용인하다; 허가","허락[허용]하다, 용인하다; 허가(증)"
intermediate,42,,11,permission,derived,"허가, 허락, 면허, 승인","허가, 허락, 면허, 승인"
intermediate,42,,12,submit,headword,제출하다; 복종하다,"제출하다; (법, 권위 등에) 복종[굴복]하다"
intermediate,42,,13,submission,derived,"제출; 복종, 굴복","제출; 복종, 굴복"
intermediate,42,,14,transmit,headword,"보내다, 전송하다, 전하다; 전도하다, 투과시키다","(신호 등을) 보내다, 전송하다, (정보, 질병 등을) 전하다; (빛, 열, 소리 등을) 전도하다, 투과시키다"
intermediate,42,,15,transmission,derived,"보냄, 전송; 전도","보냄, 전송; 전도"
intermediate,42,,16,mission,headword,"임무, 사명; 목표; 사절","임무, 사명; (조직, 개인 등의) 목표; (정부, 종교) 사절(단)"
intermediate,42,,17,missionary,derived,"선교사, 전도사; 전도의","선교사, 전도사; 전도의"
intermediate,42,,18,commission,headword,"위원회; 수수료, 커미션; 위임; 의뢰하다, 주문하다; 위임하다, 권한을 주다","위원회; 수수료, 커미션; 위임(장); 의뢰하다, 주문하다; 위임하다, 권한을 주다"
intermediate,42,,19,promise,headword,"약속, 계약; 전망, 장래성; 약속하다; ...할 가망이 있다","약속, 계약; 전망, 장래성; 약속[계약]하다; ...할 가망이 있다"
intermediate,42,,20,promising,derived,"유망한, 장래성이 있는","유망한, 장래성이 있는"
intermediate,42,,21,mess,headword,"더러움, 어수선함, 혼란 ; 어지르다, 더럽히다","더러움, 어수선함, 혼란 (상태); 어지르다, 더럽히다"
intermediate,42,,22,render,headword,"...을 ~한 상태로 만들다; 주다, 제공하다; 표현하다, 묘사하다","...을 ~한 상태로 만들다; (도움 등을) 주다, 제공하다; (글, 그림 등으로) 표현하다, 묘사하다"
intermediate,42,,23,surrender,headword,"항복하다; 넘겨주다, 양도하다; 항복; 양도, 포기","항복하다; 넘겨주다, 양도하다; 항복; 양도, 포기"
intermediate,42,,24,edit,headword,"편집하다, 수정하다","(책, 잡지, 신문, 영상 등을) 편집하다, 수정하다"
intermediate,42,,25,editor,derived,"편집자, 에디터","편집자, 에디터"
intermediate,42,,26,edition,derived,판,(간행물의) 판(版)
intermediate,42,,27,editorial,derived,"사설, 논설; 편집의","사설, 논설; 편집(자)의"
intermediate,42,,28,add,headword,"추가하다, 늘리다; 더하다, 합하다; 덧붙여 말하다, 부언하다","추가하다, 늘리다; 더하다, 합하다; 덧붙여 말하다, 부언하다"
intermediate,42,,29,addition,derived,"첨가, 추가; 덧셈","첨가(물), 추가(물); 덧셈"
intermediate,42,,30,additional,derived,"추가의, 부가적인","추가의, 부가적인"
intermediate,42,,31,additionally,derived,"게다가, 추가적으로","게다가, 추가적으로"
intermediate,42,,32,rent,headword,"임대료, 집세, 사용료; 임대하다, 빌려주다, 빌리다","임대[임차]료, 집세, 사용료; 임대[임차]하다, 빌려주다, 빌리다"
intermediate,42,,33,rental,derived,"사용료, 임대료; 임대, 대여; 임대의, 임대할 수 있는","사용료, 임대료; 임대(물), 대여(물); 임대의, 임대할 수 있는"
intermediate,42,,34,certain,headword,"확실한, 틀림없는; 일정한, 특정한; 어떤, 어느","확실한, 틀림없는; 일정한, 특정한; (명시하지 않고) 어떤, 어느"
intermediate,42,,35,certainly,derived,확실히,확실히
intermediate,42,,36,certainty,derived,"확실함, 확신","확실함, 확신"
intermediate,42,,37,certificate,headword,"증명서, 이수 증명서","증명서, 이수[수료] 증명서"
intermediate,42,,38,certified,derived,"보증된, 증명된","보증된, 증명된"
intermediate,42,,39,spirit,headword,"정신, 마음; 영혼, 혼; 열정, 사기, 활기; 감정, 기분","정신, 마음; 영혼, 혼; 열정, 사기(士氣), 활기; 감정, 기분"
intermediate,42,,40,spiritual,derived,"정신의, 정신적인","정신의, 정신적인; 영적인, 종교적인"
intermediate,42,,41,aspire,headword,"열망하다, 바라다","(...하기를) 열망[갈망]하다, 바라다"
intermediate,42,,42,aspiration,derived,"열망, 갈망","열망, 갈망"
intermediate,42,,43,inspire,headword,"고무시키다, 격려하다; 불어넣다; 영감을 주다","고무시키다, 격려하다; (감정, 사상 등을) 불어넣다; 영감을 주다"
intermediate,42,,44,inspiration,derived,"영감, 자극; 고무, 격려; 격려가 되는 것","영감, (창조적) 자극; 고무, 격려; 격려가 되는 것[사람]"
intermediate,42,,45,expire,headword,"만기가 되다, 끝나다; 소멸하다","(계약, 임기 등이) 만기가 되다, 끝나다; 소멸하다"
intermediate,42,,46,expiration,derived,"만료, 만기, 종결","만료, 만기, 종결"
intermediate,43,,1,transparent,headword,"투명한, 비치는; 명쾌한, 명백한, 이해하기 쉬운","투명한, 비치는; 명쾌한, 명백한, 이해하기 쉬운"
intermediate,43,,2,transparency,derived,"투명성, 투명도","투명성, 투명도"
intermediate,43,,3,apparent,headword,"명백한; 외견상의, 겉으로의","명백한; 외견상의, 겉으로의"
intermediate,43,,4,apparently,derived,"명백히, 분명히; 외관상, 겉으로 보기에","명백히, 분명히; 외관상, 겉으로 보기에"
intermediate,43,,5,appear,headword,"...처럼 보이다, ...인 것 같다; 나타나다, 출현하다, 출연하다","...처럼 보이다, ...인 것 같다; (장소, TV, 영화, 법정 등에) 나타나다, 출현하다, 출연하다"
intermediate,43,,6,appearance,derived,"외모, 외관; 출현, 출연, 등장","외모, 외관; 출현, 출연, 등장"
intermediate,43,,7,sequence,headword,"연속, 잇달아 일어남; 순서, 차례","연속, 잇달아 일어남; 순서, 차례"
intermediate,43,,8,sequent,derived,"다음에 오는, 연속되는","다음에 오는, 연속되는"
intermediate,43,,9,sequential,derived,순차적인,순차적인
intermediate,43,,10,consequence,headword,결과; 영향; 중요성,결과; 영향; 중요성
intermediate,43,,11,consequent,derived,결과로 일어나는,(...의) 결과로 일어나는
intermediate,43,,12,consequently,derived,"그 결과로, 따라서","그 결과로, 따라서"
intermediate,43,,13,subsequent,headword,"다음의, 그 뒤의; 이어서 일어나는","다음의, 그 뒤[후]의; (...에) 이어서 일어나는"
intermediate,43,,14,subsequently,derived,그 뒤에,그 뒤[후]에 (계속해서)
intermediate,43,,15,pursue,headword,"추구하다; 뒤쫓다, 추적하다","추구하다; 뒤쫓다, 추적하다"
intermediate,43,,16,pursuit,derived,추구; 추적,추구; 추적
intermediate,43,,17,suit,headword,"...에 적합하다, 알맞다, 편리하다; ...에게 어울리다; 정장; 한 벌의 옷; 소송","...에 적합하다, 알맞다, 편리하다; (옷, 색 등이) ...에게 어울리다; 정장; 한 벌의 옷; 소송"
intermediate,43,,18,suitable,derived,"적합한, 적당한","적합한, 적당한"
intermediate,43,,19,execute,headword,"처형하다; 실행하다, 집행하다","처형[사형]하다; 실행[수행]하다, 집행하다"
intermediate,43,,20,execution,derived,"처형, 사형; 실행, 수행","처형, 사형; 실행, 수행"
intermediate,43,,21,executive,derived,"임원, 이사, 경영진; 행정부; 집행의, 행정상의","임원, 이사, 경영진; 행정부; 집행[실행]의, 행정상의"
intermediate,43,,22,emphasize,headword,"강조하다, 중요시하다","강조하다, 중요시하다"
intermediate,43,,23,emphasis,derived,"강조, 역점, 중요시","강조, 역점, 중요시"
intermediate,43,,24,phase,headword,"국면, 양상, 단계; 단계적으로 실행하다","국면, 양상, (발전의) 단계; 단계적으로 실행하다"
intermediate,43,,25,phenomenon,headword,"현상, 사건","현상, 사건"
intermediate,43,,26,phenomenal,derived,"경이로운, 놀랄 만한","경이로운, 놀랄 만한"
intermediate,43,,27,fancy,headword,"장식적인, 화려한; 고급의, 비싼; 좋아하다, ...이 마음에 들다","장식적인, 화려한; 고급의, 비싼; 좋아하다, ...이 마음에 들다"
intermediate,43,,28,cite,headword,언급하다; 인용하다; 소환하다,"(예시, 근거로서) 언급하다; (책 등을) 인용하다; (법정으로) 소환하다"
intermediate,43,,29,citation,derived,인용,인용(문)
intermediate,43,,30,recite,headword,"암송하다, 낭독하다","암송하다, 낭독하다"
intermediate,43,,31,recital,derived,"발표회, 독주회","발표회, 독주[독창]회"
intermediate,43,,32,excite,headword,"흥분시키다, 자극하다","흥분시키다, (남을) 자극하다"
intermediate,43,,33,exciting,derived,흥분시키는,흥분시키는
intermediate,43,,34,excited,derived,"신이 난, 흥분한","신이 난, 흥분한"
intermediate,43,,35,excitement,derived,"흥분, 자극","흥분, 자극"
intermediate,43,,36,tailor,headword,"재단사; 맞추다, 맞게 하다","재단사; (요구, 목적 등에) 맞추다, 맞게 하다"
intermediate,43,,37,retail,headword,소매; 소매의; 소매로,소매(하다); 소매의; 소매로
intermediate,43,,38,retailer,derived,"소매상, 소매점","소매상, 소매점"
intermediate,43,,39,detail,headword,"세부 사항, 사소한 것; 상세 정보; 상술하다","세부 사항, 사소한 것[일]; 상세 정보; (사실, 정보 등을) 상술하다"
intermediate,43,,40,detailed,derived,상세한,상세한
intermediate,43,,41,patriot,headword,애국자,애국자
intermediate,43,,42,patriotic,derived,"애국적인, 애국자의","애국적인, 애국자의"
intermediate,43,,43,patriotism,derived,애국심,애국심
intermediate,43,,44,patron,headword,"후원자, 보호자; 고객, 단골","후원자, 보호자; 고객, 단골"
intermediate,43,,45,pattern,headword,"양식, 형태, 패턴; 도안, 무늬; 본보기, 견본","양식, 형태, 패턴; 도안, 무늬; 본보기, 견본"
intermediate,43,,46,applaud,headword,박수갈채하다; 칭찬하다,"(공연, 연설 등에) 박수갈채하다; (결정, 생각 등을) 칭찬하다"
intermediate,43,,47,applause,derived,박수,박수(갈채)
intermediate,43,,48,explode,headword,폭발하다; 폭발시키다; 폭발적으로 증가하다,"폭발하다; 폭발시키다; (수, 양, 감정 등이) 폭발적으로 증가하다"
intermediate,43,,49,explosion,derived,"폭발, 파열; 폭발적 증가","폭발, 파열; 폭발적 증가"
intermediate,43,,50,explosive,derived,"폭발성의, 폭발하기 쉬운, 폭발적인; 폭발물, 폭약","폭발성의, 폭발하기 쉬운, 폭발적인; 폭발물, 폭약"
intermediate,44,,1,compete,headword,"경쟁하다, 겨루다","경쟁하다, 겨루다"
intermediate,44,,2,competition,derived,"경쟁, 겨룸; 시합, 경기; 경쟁 상대","경쟁, 겨룸; 시합, 경기; 경쟁 상대"
intermediate,44,,3,competitive,derived,"경쟁력을 갖춘, 경쟁 우위에 있는; 경쟁의, 경쟁적인","경쟁력을 갖춘, 경쟁 우위에 있는; 경쟁의, 경쟁적인"
intermediate,44,,4,competitor,derived,경쟁자,경쟁자
intermediate,44,,5,competence,headword,"능력, 역량","능력, 역량"
intermediate,44,,6,competent,derived,"유능한, 역량 있는","유능한, 역량 있는"
intermediate,44,,7,petition,headword,"탄원, 청원, 간청; 탄원하다, 청원하다","탄원(서), 청원, 간청; 탄원하다, 청원하다"
intermediate,44,,8,appetite,headword,"식욕; 욕구, 욕망","식욕; 욕구, 욕망"
intermediate,44,,9,appetizer,derived,"식욕을 돋우는 음식, 애피타이저","식욕을 돋우는 음식, 애피타이저"
intermediate,44,,10,repeat,headword,반복하다; 따라 말하다; 말을 옮기다,반복하다; 따라 말하다; (...에게) 말을 옮기다
intermediate,44,,11,repeatedly,derived,되풀이해서,되풀이해서
intermediate,44,,12,repetition,derived,"반복, 되풀이","반복, 되풀이"
intermediate,44,,13,repetitive,derived,"반복되는, 반복적인","반복되는, 반복적인"
intermediate,44,,14,debt,headword,"빚, 채무; 신세, 빚진 것","빚, 채무; (남에게 진) 신세, 빚진 것"
intermediate,44,,15,debtor,derived,채무자,채무자
intermediate,44,,16,due,headword,"...하기로 되어 있는; 도착 예정인; 지불되어야 할, 만기가 된; ...에 기인하는, ...의 탓인; 적합한; 회비","...하기로 되어 있는; 도착 예정인; 지불되어야[치러야] 할, 만기가 된; ...에 기인하는, ...의 탓인; 적합한; 회비"
intermediate,44,,17,duty,headword,"의무; 직무, 임무; 세금","(법적, 도덕적인) 의무; 직무, 임무; 세금"
intermediate,44,,18,duty-free,derived,면세의,면세의[로]
intermediate,44,,19,compare,headword,"비교하다, 견주다; 비유하다","비교하다, 견주다; 비유하다"
intermediate,44,,20,comparison,derived,"비교, 대조; 비유","비교, 대조; 비유"
intermediate,44,,21,comparative,derived,"비교의, 비교적인, 상대적인","비교의, 비교적인, 상대적인"
intermediate,44,,22,comparatively,derived,"비교적, 어느 정도","비교적, 어느 정도"
intermediate,44,,23,comparable,derived,"비교될 만한, 비슷한","비교될 만한, 비슷한; ...에 필적하는, 비길 만한"
intermediate,44,,24,incomparable,derived,"비길 데가 없는, 빼어난","비길 데가 없는, 빼어난"
intermediate,44,,25,peer,headword,"동등한 사람, 동료; 응시하다, 자세히 들여다보다","(나이, 능력, 신분 등이) 동등한 사람, 동료; 응시하다, 자세히 들여다보다"
intermediate,44,,26,pair,headword,"한 쌍; 한 개; 짝을 짓다, 한 쌍이 되다","(두 개가 하나를 이루는) 한 쌍; 한 개; 짝을 짓다, 한 쌍이 되다"
intermediate,44,,27,measure,headword,"조치, 대책; 척도, 기준; 양, 정도; 재다, 측정하다; 판단하다, 평가하다","조치, 대책; 척도, 기준; (많은) 양, 정도; 재다, 측정하다; 판단하다, 평가하다"
intermediate,44,,28,measurement,derived,"측정, 측량; 치수","측정(법), 측량; (길이, 높이 등의) 치수"
intermediate,44,,29,measurable,derived,측정할 수 있는; 주목할 만한,측정할 수 있는; 주목할 만한
intermediate,44,,30,dimension,headword,"치수, 크기; 특성, 특질, 면; 차원","(길이, 높이, 폭 등의) 치수, 크기; 특성, 특질, 면; 차원"
intermediate,44,,31,dimensional,derived,치수의; 차원의,치수의; 차원의
intermediate,44,,32,immense,headword,"거대한, 매우 큰","거대한, 매우 큰"
intermediate,44,,33,audience,headword,"청중, 관객, 시청자, 청취자","청중, 관객, 시청자, 청취자"
intermediate,44,,34,obey,headword,"복종하다, 따르다","(...에) 복종하다, 따르다"
intermediate,44,,35,obedient,derived,"복종하는, 순종하는","복종하는, 순종하는"
intermediate,44,,36,obedience,derived,"복종, 순종; 준수","복종, 순종; 준수"
intermediate,44,,37,precious,headword,"귀중한, 소중한; 값비싼","귀중한, 소중한; 값비싼"
intermediate,44,,38,appreciate,headword,"이해하다, 알다, 깨닫다; 고맙게 여기다; 감상하다; 진가를 알다","이해하다, 알다, 깨닫다; 고맙게 여기다; 감상하다; 진가를 알다[인정하다]"
intermediate,44,,39,appreciation,derived,"진가의 인정, 올바른 이해; 감사; 감상","진가의 인정, 올바른 이해; 감사; 감상"
intermediate,44,,40,praise,headword,"칭찬하다, 찬양하다; 칭찬","칭찬하다, 찬양하다; 칭찬"
intermediate,44,,41,priceless,headword,"매우 귀중한, 값을 매길 수 없는","매우 귀중한, (너무 귀하여) 값을 매길 수 없는"
intermediate,44,,42,survive,headword,"살아남다, 생존하다; 극복하다, 견디다; ...보다 오래 살다","(사고, 전쟁, 질병 등으로부터) 살아남다, 생존하다; (위기 등을) 극복하다, 견디다; ...보다 오래 살다"
intermediate,44,,43,survival,derived,"생존, 잔존","생존, 잔존"
intermediate,44,,44,survivor,derived,생존자,생존자
intermediate,44,,45,vivid,headword,"생생한, 선명한","(기억, 묘사, 색상 등이) 생생한, 선명한"
intermediate,44,,46,vital,headword,"매우 중요한, 필수적인; 생명 유지에 필요한; 활기찬, 생기가 넘치는","매우 중요한, 필수적인; 생명 유지에 필요한; 활기찬, 생기가 넘치는"
intermediate,44,,47,vitality,derived,"활력, 원기","활력, 원기"
intermediate,44,,48,avenge,headword,"복수하다, 원수를 갚다","(주로 피해자를 대신해) 복수하다, 원수를 갚다"
intermediate,44,,49,revenge,headword,"복수, 원한","(주로 피해자 자신이) 복수(하다), 원한(을 갚다)"
intermediate,45,,1,fable,headword,우화,우화(寓話)
intermediate,45,,2,fabulous,derived,"기막히게 멋진; 엄청난; 우화 같은, 전설적인","기막히게 멋진; 엄청난; 우화 같은, 전설적인"
intermediate,45,,3,fate,headword,"운명, 숙명","운명, 숙명"
intermediate,45,,4,fatal,derived,"치명적인, 죽음에 이르게 하는; 결정적인, 중대한","치명적인, 죽음에 이르게 하는; (부정적으로) 결정적인, 중대한"
intermediate,45,,5,fateful,derived,"운명적인, 숙명적인","운명적인, 숙명적인"
intermediate,45,,6,fame,headword,"명성, 평판","명성, 평판"
intermediate,45,,7,famous,derived,유명한,유명한
intermediate,45,,8,infamous,derived,악명 높은,악명 높은
intermediate,45,,9,infant,headword,"유아, 아기; 초기","유아(의), 아기(의); 초기(의)"
intermediate,45,,10,infancy,derived,유아기; 초기,유아기; 초기 (단계)
intermediate,45,,11,confess,headword,"자백하다, 시인하다; 고백하다, 고해하다","(범죄, 잘못 등을) 자백하다, 시인하다; 고백하다, 고해하다"
intermediate,45,,12,confession,derived,"자백; 고백, 고해","(범죄 등의) 자백; 고백, 고해"
intermediate,45,,13,professional,headword,"직업상의, 전문적인; 전문직의; 전문가의, 프로의; 전문가, 직업인; 직업 선수, 프로","직업상의, 전문적인; 전문직의; 전문가의, 프로의; 전문가, (지적) 직업인; 직업 선수, 프로"
intermediate,45,,14,profess,derived,주장하다; 공언하다,"(남들이 믿지 않는 것을) 주장하다; (감정, 신념 등을) 공언하다"
intermediate,45,,15,professor,derived,교수,교수
intermediate,45,,16,profession,derived,"직업; 공언, 선언","(전문직 등의) 직업; 공언, 선언"
intermediate,45,,17,political,headword,정치의; 정치적인,정치(상)의; 정치적인
intermediate,45,,18,politics,derived,정치,정치(학)
intermediate,45,,19,politician,derived,정치인,정치인
intermediate,45,,20,policy,headword,"정책, 방책, 방침; 보험 증권","정책, 방책, 방침; 보험 증권"
intermediate,45,,21,metropolis,headword,대도시; 수도,대도시; 수도
intermediate,45,,22,metropolitan,derived,대도시의; 수도의,대도시의; 수도의
intermediate,45,,23,prepare,headword,"준비하다, 대비하다","준비하다, 대비하다"
intermediate,45,,24,preparation,derived,"준비, 대비","준비, 대비"
intermediate,45,,25,repair,headword,"수리하다; 바로잡다; 수리, 수선, 보수","수리[수선]하다; 바로잡다; 수리, 수선, 보수"
intermediate,45,,26,repairable(reparable),derived,수리 가능한,수리 가능한
intermediate,45,,27,repairman,derived,수리공,수리공
intermediate,45,,28,disrepair,derived,"황폐, 파손 상태","황폐, 파손 상태"
intermediate,45,,29,emperor,headword,"황제, 제왕","황제, 제왕"
intermediate,45,,30,empire,derived,제국,제국
intermediate,45,,31,empress,derived,여자 황제; 황후,여자 황제; 황후
intermediate,45,,32,imperative,headword,"피할 수 없는, 필수적인; 명령, 필요; 의무, 책무","피할 수 없는, 필수적인; 명령, 필요(성); 의무, 책무"
intermediate,45,,33,testify,headword,"증언하다; 증명하다, ...의 증거가 되다","증언하다; 증명하다, ...의 증거가 되다"
intermediate,45,,34,contest,headword,"경쟁하다, 겨루다; 논쟁하다; 경쟁, 시합","경쟁하다, 겨루다; 논쟁하다; 경쟁, 시합"
intermediate,45,,35,contestant,derived,참가자,"(대회, 시합 등의) 참가자"
intermediate,45,,36,protest,headword,"항의하다, 이의를 제기하다; 항의, 이의 ; 시위","항의하다, 이의를 제기하다; 항의, 이의 (제기); 시위"
intermediate,45,,37,relate,headword,"관계를 짓다, 관련시키다; 이야기하다, 설명하다","관계를 짓다, 관련시키다; (사건 등을) 이야기하다, 설명하다"
intermediate,45,,38,relation,derived,"관계, 관련","관계, 관련"
intermediate,45,,39,relative,derived,"친척, 인척; 상대적인","친척, 인척; 상대적인"
intermediate,45,,40,relatively,derived,"비교적, 다른 것에 비해","비교적, 다른 것에 비해"
intermediate,45,,41,relationship,derived,"관계, 관련; 관계","관계(됨), 관련; (연인) 관계"
intermediate,45,,42,correlation,headword,"상호 관련, 연관성","상호 관련[관계], 연관성"
intermediate,45,,43,correlate,derived,"서로 관계가 있다, 서로 관련시키다","서로 관계가 있다, 서로 관련시키다"
intermediate,45,,44,translate,headword,"번역하다; ...로 여기다, 해석하다","번역[통역]하다; ...로 여기다, 해석하다"
intermediate,45,,45,translation,derived,"번역, 통역; 해석","번역, 통역; 해석"
intermediate,45,,46,translator,derived,번역가; 통역사,번역가; 통역사
intermediate,45,,47,elevate,headword,"높이다, 향상하다, 승진시키다; 올리다","(지위, 수준, 압력 등을) 높이다, 향상하다, 승진시키다; (물리적 위치를) (들어)올리다"
intermediate,45,,48,elevator,derived,"엘리베이터, 승강기","엘리베이터, 승강기"
intermediate,45,,49,relevant,headword,"관계가 있는, 관련된","(...와) 관계가 있는, 관련된"
intermediate,45,,50,relevance,derived,"관련성, 타당성","관련성, 타당성"
intermediate,45,,51,relieve,headword,경감하다,"(고통, 고민 등을) 경감[완화]하다"
intermediate,45,,52,relief,derived,"안도, 안심; 경감, 완화; 구호 물자","안도, 안심; (고통, 근심 등의) 경감, 완화; 구호[원조] 물자"
intermediate,45,,53,relieved,derived,"안도하는, 다행으로 여기는","안도하는, 다행으로 여기는"
intermediate,45,,54,theology,headword,신학,신학
intermediate,45,,55,theological,derived,신학의,신학의
intermediate,45,,56,enthusiasm,headword,"열정, 열광, 열중","열정, 열광, 열중"
intermediate,45,,57,enthusiastic,derived,"열광적인, 열정적인","열광적인, 열정적인"
intermediate,46,,1,reside,headword,"거주하다, 살다","거주하다, 살다"
intermediate,46,,2,resident,derived,"거주자; 거주하는, 살고 있는","거주자; 레지던트(전문의(醫) 수련자); 거주하는, 살고 있는"
intermediate,46,,3,residential,derived,"주택가의, 거주지의","주택가의, 거주지의"
intermediate,46,,4,residence,derived,"주택, 거주지; 거주","주택, 거주지; 거주"
intermediate,46,,5,president,headword,대통령; 회장,대통령; (기업 등의) 회장[-장]
intermediate,46,,6,presidential,derived,대통령의,대통령의
intermediate,46,,7,session,headword,"진행 중인 시기; 시간, 기간, 회기","(회의, 법정, 의회 등이) 진행 중인 시기; (특정 활동을 위한) 시간, 기간, 회기"
intermediate,46,,8,assess,headword,"평가하다; 매기다, 사정하다","평가하다; (세금, 요금 등을) 매기다, 사정하다"
intermediate,46,,9,assessment,derived,"평가, 판단; 과세, 부과","평가, 판단; 과세(액), 부과(액)"
intermediate,46,,10,obsess,headword,사로잡다; 강박감을 갖다,사로잡다; (...에) 강박감을 갖다
intermediate,46,,11,obsession,derived,"강박, 집착","강박, 집착"
intermediate,46,,12,settle,headword,"해결하다, 끝내다; 정착하다; 정착시키다; 진정하다; 진정시키다","(분쟁 등을) 해결하다, 끝내다; 정착하다; 정착시키다; (마음, 분위기 등을) 진정하다; 진정시키다"
intermediate,46,,13,settlement,derived,"합의, 해결; 정착, 거주","합의, 해결; 정착, 거주(지)"
intermediate,46,,14,settler,derived,"정착민, 이주자","정착민, 이주자"
intermediate,46,,15,proper,headword,"적당한, 알맞은, 어울리는, 올바른","적당한, 알맞은, 어울리는, 올바른"
intermediate,46,,16,properly,derived,"적당히, 알맞게","적당히, 알맞게"
intermediate,46,,17,propriety,derived,적절성; 예의,적절성; 예의(범절)
intermediate,46,,18,property,headword,"재산, 소유물","재산, 소유물"
intermediate,46,,19,appropriate,headword,"적절한, 타당한","적절한, 타당한"
intermediate,46,,20,temper,headword,"성미, 기질; 울화, 노여움; 기분","(화를 잘 내는 등의) 성미, 기질; 울화, 노여움; 기분"
intermediate,46,,21,temperament,headword,"기질, 성질","기질, 성질"
intermediate,46,,22,temperate,headword,"온화한, 온난한; 도를 넘지 않는, 절제하는; 온건한","(기후, 지역 등이) 온화한, 온난한; 도를 넘지 않는, 절제하는; 온건한"
intermediate,46,,23,temperance,derived,"절제, 자제; 금주","절제, 자제; 금주"
intermediate,46,,24,temperature,headword,"온도, 기온; 체온","온도, 기온; (몸의) 체온"
intermediate,46,,25,lack,headword,"부족, 결핍; ...이 부족하다, 없다","부족, 결핍; ...이 부족하다, 없다"
intermediate,46,,26,leak,headword,"새는 곳; 누출, 누설; 새다; 새게 하다; 유출하다","새는 곳; 누출, 누설; (액체, 기체 등이) 새다; 새게 하다; (비밀을) 유출[누설]하다"
intermediate,46,,27,leakage,derived,"새어나감, 누출","새어나감, 누출"
intermediate,46,,28,conflict,headword,"대립하다, 충돌하다; 대립, 충돌, 갈등; 싸움, 분쟁","(의견 등이) 대립하다, 충돌하다; (의견 등의) 대립, 충돌, 갈등; 싸움, 분쟁"
intermediate,46,,29,conflicting,derived,"모순되는, 상반되는","모순되는, 상반되는"
intermediate,46,,30,inflict,headword,"가하다, 주다","(고통이나 타격을) 가하다, (벌 등을) 주다"
intermediate,46,,31,oblige,headword,"의무를 지우다, 강요하다; 베풀다, 해주다, 돕다","(...하도록) 의무를 지우다, 강요하다; (도움 등을) 베풀다, (요청받은 것을) 해주다, 돕다"
intermediate,46,,32,obligate,derived,강요하다; 의무적인,강요하다; 의무적인
intermediate,46,,33,obligation,derived,"의무, 책임","의무, 책임"
intermediate,46,,34,obligatory,derived,"의무적인, 강제적인, 필수의","의무적인, 강제적인, 필수의"
intermediate,46,,35,religion,headword,종교; 신조,종교; 신조
intermediate,46,,36,religious,derived,"종교의; 신앙심이 깊은, 독실한","종교(상)의; 신앙심이 깊은, 독실한"
intermediate,46,,37,ally,headword,"동맹을 맺다, 지지하다; 동맹국, 동맹자","동맹[결연]을 맺다, 지지하다; 동맹[연합]국, 동맹[협력]자"
intermediate,46,,38,alliance,derived,"동맹, 연합; 동맹국, 동맹자","동맹, 연합; 동맹국, 동맹자"
intermediate,46,,39,rally,headword,"결집하다, 모으다; 회복되다; 집회, 대회; 회복","결집[규합]하다, 모으다; (기력, 시장 상황 등이) 회복되다; 집회, 대회; (주가 등의) 회복"
intermediate,46,,40,rely,headword,"의지하다, 믿다","의지하다, 믿다"
intermediate,46,,41,reliable,derived,"의지할 수 있는, 믿을 만한","의지할 수 있는, 믿을 만한"
intermediate,46,,42,reliance,derived,"의존, 의지, 신뢰","의지, 의존"
intermediate,46,,43,reliability,derived,신뢰도,신뢰도
intermediate,46,,44,liable,headword,"책임을 져야 할, 법적 책임이 있는; ...할 것 같은, ...하기 쉬운","(...에 대해) 책임을 져야 할, 법적 책임이[의무가] 있는; ...할 것 같은, ...하기 쉬운"
intermediate,46,,45,liability,derived,"책임; 빚, 부채","(법적) 책임; 빚, 부채"
intermediate,46,,46,trust,headword,"신뢰, 믿음; 위탁, 신탁; 기업 합동, 담합체, 트러스트; 신뢰하다, 믿다","신뢰, 믿음; 위탁, 신탁; 기업 합동, 담합체, 트러스트; 신뢰하다, 믿다"
intermediate,46,,47,trustworthy,derived,"믿을 수 있는, 의지할 수 있는","믿을 수 있는, 의지할 수 있는"
intermediate,46,,48,entrust,headword,"맡기다, 위탁하다","(중요한 일, 물건, 돈 등을) 맡기다, 위탁하다"
intermediate,46,,49,truthful,headword,"정직한; 진실한, 사실의","정직한; (대답 등이) 진실한, 사실의"
intermediate,46,,50,truth,derived,사실; 진실,사실(성); 진실
intermediate,46,,51,truthfully,derived,"사실대로, 정직하게","사실대로, 정직하게"
intermediate,47,,1,bar,headword,"술집, 바; 막대, 빗장; 긴 토막; 장애; 막다, 금하다","술집, 바; 막대, 빗장; (막대 모양의 초콜릿, 비누 등) 긴 토막; 장애(물); 막다, 금하다"
intermediate,47,,2,embarrass,headword,"당황하게 하다, 난처하게 하다","당황하게 하다, 난처하게 하다"
intermediate,47,,3,embarrassing,derived,당황하게 하는,당황[난처]하게 하는
intermediate,47,,4,embarrassed,derived,"당황한, 어색한","당황[난처]한, 어색한"
intermediate,47,,5,embarrassment,derived,"당황, 난처; 골칫거리","당황, 난처; 골칫거리"
intermediate,47,,6,barrier,headword,"울타리, 장벽; 장애물","울타리, 장벽; 장애물"
intermediate,47,,7,novel,headword,"소설; 새로운, 기발한","(장편) 소설; 새로운, 기발한"
intermediate,47,,8,novelist,derived,소설가,소설가
intermediate,47,,9,novelty,derived,"새로움, 신기함, 진기함; 새로운 것","새로움, 신기함, 진기함; 새로운 것[경험]"
intermediate,47,,10,innovate,headword,"혁신하다, 쇄신하다","혁신하다, 쇄신하다"
intermediate,47,,11,innovation,derived,"혁신, 개혁; 새로운 고안","혁신, 개혁; 새로운 고안(물)"
intermediate,47,,12,innovative,derived,혁신적인,혁신적인
intermediate,47,,13,innovator,derived,"혁신자, 개혁자","혁신자, 개혁자"
intermediate,47,,14,renovate,headword,"개조하다, 수선하다, 새롭게 하다","개조하다, 수선[수리]하다, 새롭게 하다"
intermediate,47,,15,renovation,derived,"개혁, 수선, 수리","개혁, 수선, 수리"
intermediate,47,,16,renew,headword,"갱신하다, ...의 기한을 연장하다; 재개하다","갱신하다, ...의 기한을 연장하다; 재개하다"
intermediate,47,,17,renewable,derived,재생 가능한; 재생 가능 에너지,"(에너지, 자원 등이) 재생 가능한; 재생 가능 에너지"
intermediate,47,,18,renewal,derived,"재개, 소생; 갱신, 기한 연장","재개, 소생; 갱신, 기한 연장"
intermediate,47,,19,desert,headword,"사막; 버리다, 떠나다","사막; (사람, 장소, 의무 등을) 버리다, 떠나다"
intermediate,47,,20,deserted,derived,"버림받은, 사람이 살지 않는","버림받은, 사람이 살지 않는"
intermediate,47,,21,insert,headword,"삽입하다, 넣다; 말을 써 넣다, 덧붙이다","삽입하다, 넣다; (문서 등에) 말을 써 넣다, 덧붙이다"
intermediate,47,,22,insertion,derived,"삽입, 끼워넣기","삽입, 끼워넣기"
intermediate,47,,23,assert,headword,단언하다; 주장하다,단언하다; 주장하다
intermediate,47,,24,assertive,derived,단정적인; 자기 주장이 강한,단정적인; 자기 주장이 강한
intermediate,47,,25,exert,headword,"발휘하다, 행사하다; 노력하다","(힘, 영향력 등을) 발휘하다, 행사하다; 노력하다"
intermediate,47,,26,exertion,derived,"노력; 발휘, 행사","노력; (영향력 등의) 발휘, 행사"
intermediate,47,,27,series,headword,"연속; 연속물, 시리즈","(사건, 일 등의) 연속; (TV, 책 등의) 연속물, 시리즈"
intermediate,47,,28,serial,derived,"연속하는, 순차적인; 연재물, 연속극","연속하는, 순차적인; 연재물, 연속극"
intermediate,47,,29,tempt,headword,유혹하다; ...할 생각이 들게 하다,유혹하다; ...할 생각이 들게 하다
intermediate,47,,30,temptation,derived,유혹,유혹(하는 것)
intermediate,47,,31,attempt,headword,"시도하다; 시도, 노력","시도하다; 시도, 노력"
intermediate,47,,32,sphere,headword,"구, 구체, 구형; 영역, 분야","구(球), 구체, 구형; (활동, 지식 등의) 영역, 분야"
intermediate,47,,33,spherical,derived,구 모양의,구 모양의
intermediate,47,,34,atmosphere,headword,"공기, 대기; 분위기","공기, 대기; 분위기"
intermediate,47,,35,hemisphere,headword,반구; 반구,"(지구, 천체의) 반구; (뇌의) 반구"
intermediate,47,,36,confuse,headword,"혼동시키다, 혼란스럽게 하다; 혼동하다","혼동시키다, 혼란스럽게 하다; 혼동하다"
intermediate,47,,37,confusing,derived,"혼동시키는, 혼란스럽게 하는","혼동시키는, 혼란스럽게 하는"
intermediate,47,,38,confused,derived,혼란스러운,혼란스러운
intermediate,47,,39,confusion,derived,"혼란, 혼동","혼란, 혼동"
intermediate,47,,40,refuse,headword,거절하다,"(제의, 초대, 요청 등을) 거절하다"
intermediate,47,,41,refusal,derived,"거절, 거부","거절, 거부"
intermediate,47,,42,refund,headword,"환불, 반환; 환불하다, 반환하다","환불, 반환(금); 환불하다, 반환하다"
intermediate,47,,43,central,headword,"중심의, 중앙의; 중요한","중심의, 중앙의; 중요한"
intermediate,47,,44,concentrate,headword,"집중하다, 전념하다; 모으다, 집중시키다; 농축시키다","집중하다, 전념하다; (한 곳에) 모으다, 집중시키다[모이다, 집중하다]; 농축시키다"
intermediate,47,,45,concentration,derived,"집중; 집중; 농도, 농축","집중(력); (인구 등의) 집중; 농도, 농축"
intermediate,47,,46,torture,headword,고문; 심한 고통; 고문하다; 괴롭히다,"고문; 심한 고통; 고문하다; (육체적, 정신적으로) 괴롭히다"
intermediate,47,,47,distort,headword,"왜곡하다, 곡해하다; 비틀다, 일그러뜨리다","(정보, 사실 등을) 왜곡하다, 곡해하다; (형태를) 비틀다, 일그러뜨리다"
intermediate,47,,48,distortion,derived,"왜곡, 일그러짐","왜곡(된 사실), 일그러짐"
intermediate,47,,49,torment,headword,"고통, 고뇌; 괴롭히다, 고통을 주다","고통, 고뇌; 괴롭히다, (특히 정신적으로) 고통을 주다"
intermediate,48,,1,credit,headword,"신용 ; 칭찬, 공로; 이수 학점; ...의 공으로 돌리다; 믿다, 신용하다","신용[외상] (거래); 칭찬, 공로; (대학) 이수 학점; ...의 공으로 돌리다; 믿다, 신용하다"
intermediate,48,,2,creditor,derived,채권자,채권자
intermediate,48,,3,incredible,headword,"믿어지지 않는; 놀라운, 뛰어난, 엄청난","믿어지지 않는; 놀라운, 뛰어난, 엄청난"
intermediate,48,,4,incredibly,derived,"대단히, 놀랍게도","대단히, 놀랍게도"
intermediate,48,,5,credible,derived,믿을 수 있는,믿을[신뢰할] 수 있는
intermediate,48,,6,credibility,derived,믿을 수 있음; 신뢰성,믿을 수 있음; 신뢰성
intermediate,48,,7,grant,headword,"승인하다, 부여하다; 인정하다; 보조금","(요청을) 승인하다, (권리, 상, 학위 등을) 부여[수여]하다; 인정하다; (특히 정부에서 주는) 보조금"
intermediate,48,,8,false,headword,"거짓의, 가짜의; 그릇된, 틀린","거짓의, 가짜의; 그릇된, 틀린"
intermediate,48,,9,falsehood,derived,"거짓말, 허위","거짓말, 허위"
intermediate,48,,10,falsify,derived,"위조하다, 왜곡하다","위조하다, 왜곡하다"
intermediate,48,,11,fail,headword,"실패하다; ...하지 않다; 낙제하다; 낙제시키다; 실패, 낙제","실패하다; ...하지 않다[못하다]; (시험 등에) 낙제하다; 낙제시키다; 실패, 낙제"
intermediate,48,,12,failure,derived,"실패, 낙제","실패(자), 낙제(자)"
intermediate,48,,13,fault,headword,"잘못, 과실; 결점, 흠","잘못, 과실; 결점, 흠"
intermediate,48,,14,faulty,derived,"결점이 있는; 잘못된, 그릇된","결점[흠]이 있는; 잘못된, 그릇된"
intermediate,48,,15,faultless,derived,"결점이 없는, 흠잡을 데 없는, 완벽한","결점이 없는, 흠잡을 데 없는, 완벽한"
intermediate,48,,16,host,headword,주인; 주최자; 진행자; 주최하다; 진행하다,"(손님을 초대한) 주인; (행사 등의) 주최자[국]; (TV, 라디오 프로그램) 진행자; (모임, 행사를) 주최하다; (TV, 라디오 프로를) 진행하다"
intermediate,48,,17,hostess,derived,여주인,(연회 등의) 여주인
intermediate,48,,18,hostile,headword,"적대적인, 비우호적인","적대적인, 비우호적인"
intermediate,48,,19,hostility,derived,"적의, 적개심","적의, 적개심"
intermediate,48,,20,hospitality,headword,"환대, 후한 대접","환대, 후한 대접"
intermediate,48,,21,hospitable,derived,"환대하는, 친절한, 후한","환대하는, 친절한, (대접이) 후한"
intermediate,48,,22,confident,headword,"확신하고 있는; 자신만만한, 자신이 있는","확신하고 있는; 자신만만한, 자신이 있는"
intermediate,48,,23,confidence,derived,"신뢰, 신용; 확신, 자신감","신뢰, 신용; 확신, 자신감"
intermediate,48,,24,confidential,derived,"비밀의, 기밀의","비밀의, 기밀의"
intermediate,48,,25,fidelity,headword,"충성, 충실; 정확도, 충실도","충성, 충실; (번역 등의) 정확도, 충실도"
intermediate,48,,26,federal,headword,"연방제의, 연방 정부의","연방제의, 연방 정부의"
intermediate,48,,27,faith,headword,"신뢰, 믿음; 신념, 신앙","신뢰, 믿음; 신념, 신앙(심)"
intermediate,48,,28,faithful,derived,"충실한, 신의가 두터운; 믿을 수 있는","충실한, 신의가 두터운; 믿을 수 있는"
intermediate,48,,29,defy,headword,"반항하다, 무시하다","(권위, 규칙 등에) 반항[도전]하다, 무시하다"
intermediate,48,,30,tradition,headword,"전통, 관습, 전해진 것","전통, 관습, 전해진 것"
intermediate,48,,31,traditional,derived,"전통의, 전통적인; 관습적인, 인습적인","전통의, 전통적인; 관습적인, 인습적인"
intermediate,48,,32,betray,headword,"배반하다, 저버리다; 누설하다, 폭로하다; 드러내다","배반[배신]하다, 저버리다; 누설하다, 폭로하다; (무심코) 드러내다"
intermediate,48,,33,betrayal,derived,"배반, 배신","배반, 배신"
intermediate,48,,34,damage,headword,"손해, 손상, 훼손; 손상시키다, 손해를 입히다","손해, 손상, 훼손; 손상시키다, 손해[피해]를 입히다"
intermediate,48,,35,condemn,headword,"비난하다, 책망하다; ...의 형을 선고하다","비난하다, 책망하다; ...의 형을 선고하다"
intermediate,48,,36,condemnation,derived,"비난, 규탄","비난, 규탄"
intermediate,48,,37,punctual,headword,"시간을 엄수하는, 기한을 지키는","시간을 엄수하는, 기한을 지키는"
intermediate,48,,38,punctuality,derived,시간 엄수; 꼼꼼함,시간 엄수; 꼼꼼함
intermediate,48,,39,punctuate,headword,구두점을 찍다,"(마침표, 쉼표 등의) 구두점을 찍다"
intermediate,48,,40,punctuation,derived,"구두점, 구두법","구두점, 구두법"
intermediate,48,,41,disappoint,headword,"실망시키다, 저버리다","실망시키다, (기대 등을) 저버리다"
intermediate,48,,42,disappointed,derived,실망한,실망한
intermediate,48,,43,disappointing,derived,"실망스러운, 실망시키는","실망스러운, 실망시키는"
intermediate,48,,44,disappointment,derived,"실망, 낙담","실망, 낙담"
intermediate,48,,45,norm,headword,"표준, 기준; 규범, 규준","표준, 기준; 규범, 규준"
intermediate,48,,46,normal,derived,"표준의, 보통의; 정상적인","표준의, 보통의; 정상적인"
intermediate,48,,47,enormous,headword,"거대한, 엄청나게 큰, 막대한","거대한, 엄청나게 큰, 막대한"
intermediate,48,,48,vague,headword,"명확지 않은, 모호한, 막연한; 분명치 않은, 흐릿한","명확지 않은, 모호한, 막연한; (모양, 윤곽 등이) 분명치 않은, 흐릿한"
intermediate,48,,49,extravagant,headword,"낭비하는, 사치스러운; 지나친, 엄청난","낭비하는, 사치스러운; 지나친, 엄청난"
intermediate,48,,50,vagrant,headword,"부랑자; 방랑하는, 부랑 생활을 하는","부랑자; 방랑하는, 부랑 생활을 하는"
intermediate,48,,51,vagrancy,derived,"방랑, 부랑","방랑, 부랑"
intermediate,49,,1,gesture,headword,"몸짓, 제스처; 표현, 표시; 몸짓을 하다","몸짓, 제스처; (감정, 의사 등의) 표현, 표시; 몸짓[손짓]을 하다"
intermediate,49,,2,digest,headword,"소화하다; 소화되다; 이해하다; 요약, 개요","소화하다; 소화되다; 이해하다; 요약, 개요"
intermediate,49,,3,digestion,derived,"소화, 소화력","소화(작용), 소화력"
intermediate,49,,4,digestive,derived,"소화의, 소화를 돕는","소화의, 소화를 돕는"
intermediate,49,,5,register,headword,"등록하다, 이름을 적다; 나타내다, 기록하다; 기록, 등록","등록하다, (장부에) 이름을 적다; (기기가 수치, 기록 등을) 나타내다, 기록하다; 기록(부), 등록"
intermediate,49,,6,registration,derived,"등록, 신고; 등록 서류","등록, 신고; 등록 서류[증명서]"
intermediate,49,,7,registry,derived,"등기소, 등록소; 등기, 등록","등기소, 등록소; 등기, 등록"
intermediate,49,,8,probable,headword,"있을 법한, 그럴듯한","있을 법한, 그럴듯한"
intermediate,49,,9,probably,derived,"아마도, 대개는, 십중팔구","아마도, 대개는, 십중팔구"
intermediate,49,,10,probability,derived,"가망성, 확률","가망성, 확률"
intermediate,49,,11,probe,headword,"엄밀히 조사하다, 규명하다; 조사","엄밀히 조사하다, (진상 등을) 규명하다; (철저한) 조사"
intermediate,49,,12,prove,headword,"증명하다, 입증하다; ...로 판명되다","증명하다, 입증하다; ...로 판명되다"
intermediate,49,,13,proof,derived,"증거, 증명","증거, 증명"
intermediate,49,,14,proven,derived,입증된,입증[증명]된
intermediate,49,,15,approve,headword,"찬성하다, 승낙하다; 허가하다, 승인하다","찬성하다, 승낙하다; (공식적으로) 허가하다, 승인하다"
intermediate,49,,16,approving,derived,"찬성하는, 좋다고 여기는","찬성하는, 좋다고 여기는"
intermediate,49,,17,approval,derived,"찬성, 승낙; 허가, 승인","찬성, 승낙; 허가, 승인"
intermediate,49,,18,urban,headword,도시의,도시의
intermediate,49,,19,suburb,headword,"교외, 도시 주변의 주택지","교외, 도시 주변의 주택지"
intermediate,49,,20,suburban,derived,"교외의, 교외에 사는","교외의, 교외에 사는"
intermediate,49,,21,thesis,headword,"논문; 주장, 논제","논문; 주장, 논제"
intermediate,49,,22,hypothesis,headword,"가설; 가정, 추측","가설; 가정, 추측"
intermediate,49,,23,hypothetical,derived,"가설의, 가정의, 가상의","가설의, 가정의, 가상의"
intermediate,49,,24,theme,headword,"주제, 테마","주제, 테마"
intermediate,49,,25,thematic,derived,"주제에 관한, 주제와 관련된","주제에 관한, 주제와 관련된"
intermediate,49,,26,attach,headword,"붙이다, 부착하다; 첨부하다; 소속시키다","붙이다, 부착하다; 첨부하다; 소속시키다"
intermediate,49,,27,attachment,derived,"부착, 부속품; 애착","부착(물), 부속품; 애착"
intermediate,49,,28,attached,derived,"애착을 가진; 부착된, 첨부된","애착[애정]을 가진; 부착된, 첨부된"
intermediate,49,,29,attack,headword,공격; 발병; 공격하다; 발병하다,공격; (갑작스런) 발병; 공격하다; (갑자기) 발병하다
intermediate,49,,30,stake,headword,"돈, 지분, 내기; 말뚝","(회사에 투자한) 돈, 지분, 내기(돈); 말뚝"
intermediate,49,,31,estimate,headword,"평가하다, 추정하다, 견적하다; 평가, 추정; 견적","(가치, 비용 등을) 평가하다, 추정하다, 견적하다; 평가, 추정; 견적(서)"
intermediate,49,,32,estimation,derived,"판단, 평가","판단, 평가(치)"
intermediate,49,,33,overestimate,headword,과대평가,과대평가(하다)
intermediate,49,,34,esteem,headword,"존경하다, 존중하다; 존경, 경의","존경하다, 존중하다; 존경, 경의"
intermediate,49,,35,circulate,headword,"돌다, 순환하다; 퍼지다; 유통하다, 배포하다","돌다, 순환하다; (소문, 정보 등이) 퍼지다; (물건 등을) 유통[유포]하다, 배포하다"
intermediate,49,,36,circular,derived,"원형의, 둥근; 순환하는, 순회의","원형의, 둥근; 순환하는, 순회의"
intermediate,49,,37,circulation,derived,"순환; 유통, 유포; 판매 부수","(혈액의) 순환; 유통, 유포; (신문, 잡지 등의) 판매 부수"
intermediate,49,,38,circumstance,headword,"주위 사정, 상황; 환경, 처지","주위 사정, 상황; (경제적, 물질적) 환경, 처지"
intermediate,49,,39,circuit,headword,"순회 ; 주위, 둘레; 회로","순회 (여행); 주위, 둘레; 회로"
intermediate,49,,40,disturb,headword,"방해하다; 깨뜨리다, 어지럽히다","방해하다; (평화, 질서, 상태를) 깨뜨리다, 어지럽히다"
intermediate,49,,41,disturbance,derived,"혼란, 소동; 방해; 불안, 동요","혼란, 소동; 방해; (마음의) 불안, 동요"
intermediate,49,,42,disturbing,derived,"불안하게 하는, 충격적인; 방해가 되는","불안하게 하는, 충격적인; 방해가 되는"
intermediate,49,,43,trouble,headword,"문제, 어려움, 곤란, 근심; 괴롭히다, 걱정시키다; 성가시게 하다, 수고스럽게 ...하도록 하다","문제, 어려움, 곤란, 근심; 괴롭히다, 걱정시키다; 성가시게 하다, 수고스럽게 ...하도록 하다"
intermediate,49,,44,troublesome,derived,"골치 아픈, 성가신","골치 아픈, 성가신"
intermediate,50,,1,civil,headword,"시민의, 민간인의; 민사의","시민의, 민간인의; 민사의"
intermediate,50,,2,civilian,derived,민간인,"(군인, 경찰에 소속되지 않은) 민간인(의)"
intermediate,50,,3,civilize,headword,문명화하다,문명화하다
intermediate,50,,4,civilized,derived,"문명화된, 교양 있는","문명화된, 교양 있는"
intermediate,50,,5,civilization(civilisation),derived,문명 (사회),문명 (사회)
intermediate,50,,6,citizen,headword,시민; 국민,시민; 국민
intermediate,50,,7,citizenship,derived,"시민권, 시민으로서의 신분","시민권, 시민으로서의 신분"
intermediate,50,,8,donate,headword,"기부하다, 기증하다","(학교, 자선 단체, 병원 등에) 기부하다, 기증하다"
intermediate,50,,9,donation,derived,"기부, 기증","기부(금), 기증(품)"
intermediate,50,,10,donor,derived,"기부자, 제공자; 기증자","기부자, 제공자; (혈액, 조직, 장기 등의) 기증자"
intermediate,50,,11,anecdote,headword,일화,일화
intermediate,50,,12,dose,headword,"복용량, 투여량; ...에게 투여하다","(약의 1회분) 복용량, 투여량; ...에게 (약물 등을) 투여하다"
intermediate,50,,13,liberal,headword,"관대한, 개방적인; 자유주의의; 인색하지 않은, 후한","(의견, 생각 등이) 관대한, 개방적인; 자유[진보]주의의; 인색하지 않은, 후한"
intermediate,50,,14,liberalize,derived,완화하다,"(법률, 제재 등을) 완화하다"
intermediate,50,,15,liberty,derived,"자유; 해방, 석방","자유; 해방, 석방"
intermediate,50,,16,liberate,headword,"자유롭게 하다, 해방하다","자유롭게 하다, 해방[석방]하다"
intermediate,50,,17,liberation,derived,"해방, 석방","해방, 석방"
intermediate,50,,18,deliver,headword,"배달하다, 전하다; 강연하다, 연설하다; 분만하다; 분만시키다; 이행하다","배달하다, 전하다; 강연하다, 연설하다; (아기를) 분만하다; 분만시키다; (약속 등을) 이행하다"
intermediate,50,,19,delivery,derived,배달; 분만; 연설,배달(품); 분만; 연설
intermediate,50,,20,anniversary,headword,기념일,(해마다 있는) 기념일
intermediate,50,,21,annual,headword,"해마다의, 연례의; 일 년의","해마다의, 연례의; 일 년(간)의"
intermediate,50,,22,annually,derived,"매년, 일 년에 한 번씩","매년, 일 년에 한 번씩"
intermediate,50,,23,electric,headword,"전기의, 전기로 작동하는, 전기를 띤","전기의, 전기로 작동하는, 전기를 띤[일으키는]"
intermediate,50,,24,electricity,derived,"전기, 전류","전기, 전류"
intermediate,50,,25,electrical,derived,전기의,전기(상)의
intermediate,50,,26,electronic,headword,전자의; 전자 공학의,전자의; 전자 공학의
intermediate,50,,27,electronics,derived,전자 공학; 전자 제품,전자 공학; 전자 제품
intermediate,50,,28,electron,derived,전자,전자
intermediate,50,,29,origin,headword,"기원, 유래; 출신","기원, 유래; 출신"
intermediate,50,,30,original,derived,"원래의, 최초의; 독창적인; 원형, 원작, 원본","원래의, 최초의; 독창적인; 원형, 원작, 원본"
intermediate,50,,31,originality,derived,"독창성, 기발함","독창성, 기발함"
intermediate,50,,32,originate,derived,"비롯되다, 일어나다; 발명하다","비롯되다, (...에서) 일어나다; 발명[고안]하다"
intermediate,50,,33,orient,headword,향하게 하다; 적응시키다,(일정 방향으로) 향하게 하다; 적응시키다
intermediate,50,,34,orientation,derived,"관심, 지향; 예비 교육","관심, 지향; (신입 대상) 예비 교육"
intermediate,50,,35,conscious,headword,"…을 의식하고 있는, 알고 있는; 의식이 있는, 깨어 있는; 의식적인","...을 의식[자각]하고 있는, 알고 있는; 의식이 있는, 깨어있는; (생각, 노력 등이) 의식[의도]적인"
intermediate,50,,36,consciousness,derived,"의식, 자각; 알고 있음, 인식","의식, 지각; 알고 있음, (정치, 사회적) 인식"
intermediate,50,,37,subconscious,headword,잠재의식,잠재의식(의)
intermediate,50,,38,subconsciously,derived,잠재의식 속에서,잠재의식 속에서
intermediate,50,,39,conscience,headword,"양심, 도덕심","양심, 도덕심"
intermediate,50,,40,conscientious,derived,"양심적인, 성실한","양심적인, 성실한"
intermediate,50,,41,merge,headword,"결합하다, 합병하다, 융합하다","결합하다, 합병하다, 융합하다"
intermediate,50,,42,merger,derived,합병,"(조직, 기업의) 합병"
intermediate,50,,43,emerge,headword,"드러나다; 알려지다, 부각되다","(모습이) 드러나다; (사실이) 알려지다, 부각되다"
intermediate,50,,44,emergence,derived,"출현, 등장","출현, 등장"
intermediate,50,,45,emergency,derived,비상 상황,비상 상황
intermediate,50,,46,emergent,derived,"신생의, 신흥의","신생의, 신흥의"
intermediate,50,,47,submerge,headword,"잠수하다, 잠기다; 잠그다; 깊이 감추다","잠수하다, 잠기다; 잠그다; (감정, 의견 등을) 깊이 감추다"
intermediate,50,,48,assure,headword,"보장하다, 장담하다; ...을 확실하게 하다","보장하다, 장담하다; ...을 확실하게 하다"
intermediate,50,,49,assurance,derived,"보장, 장담; 확신, 자신감","보장, 장담; 확신, 자신감"
intermediate,50,,50,reassure,headword,안심시키다,안심시키다
intermediate,50,,51,reassurance,derived,"안심시키기, 안심시키는 것","안심시키기, 안심시키는 것"
intermediate,50,,52,insure,headword,보험에 들다,보험에 들다[가입하다]
intermediate,50,,53,insurance,derived,보험,보험(료)
intermediate,51,,1,intrude,headword,"방해하다, 참견하다; 침입하다, 침범하다","방해하다, 참견하다; 침입하다, 침범하다"
intermediate,51,,2,intrusion,derived,"방해; 침입, 침범","방해; 침입, 침범"
intermediate,51,,3,thrust,headword,"세게 밀다; 찌르다; 밀침, 찌르기; 요점, 취지","세게 밀다; (칼 등으로) 찌르다; (세게) 밀침, 찌르기; 요점, 취지"
intermediate,51,,4,threat,headword,"위협, 협박","위협, 협박"
intermediate,51,,5,threaten,derived,"협박하다, 위협하다; 위협하여 ...하게 하다","협박하다, 위협하다; 위협하여 ...하게 하다"
intermediate,51,,6,threatening,derived,"협박하는, 위협적인; 험악한","협박하는, 위협적인; 험악한"
intermediate,51,,7,graphic,headword,"생생한, 사실적인; 그림의, 도표의, 그래픽의","생생한, 사실적인; 그림의, 도표의, 그래픽의"
intermediate,51,,8,graphics,derived,"이미지, 그림","(컴퓨터로 만든) 이미지, 그림"
intermediate,51,,9,photograph,headword,사진; 사진을 찍다,사진; 사진을 찍다
intermediate,51,,10,photographer,derived,사진사,사진사
intermediate,51,,11,photography,derived,"사진 촬영, 사진술","사진 촬영, 사진술"
intermediate,51,,12,photographic,derived,"사진의, 사진에 의한","사진(용)의, 사진에 의한"
intermediate,51,,13,section,headword,"부분, 부문, 구획; 구역, 지역; 절개; 구분하다, 나누다","부분, 부문, 구획; (도시 등의) 구역, 지역; 절개; 구분[구획/분할]하다, 나누다"
intermediate,51,,14,intersection,headword,"교차로, 교차 지점; 교차, 가로지름","교차로, 교차 지점; 교차, 가로지름"
intermediate,51,,15,sector,headword,"부문, 분야; 지구; 부채꼴","(사회, 경제, 사업 등의) 부문, 분야; (군대의) 지구; 부채꼴"
intermediate,51,,16,sectoral,derived,각 분야의; 부채꼴의,각 분야의; 부채꼴의
intermediate,51,,17,segment,headword,"부분, 구획; 한 조각","(나누어진) 부분, 구획; (과일의) 한 조각"
intermediate,51,,18,heredity,headword,유전,유전
intermediate,51,,19,hereditary,derived,유전의,유전(상)의
intermediate,51,,20,heritage,headword,"전통문화, 유산","(가치, 언어, 유적 등의) 전통문화, 유산"
intermediate,51,,21,inherit,headword,"물려받다, 상속하다; 물려받다, 유전되다","(재산 등을) 물려받다, 상속하다; (신체적, 정신적 성질 등을) 물려받다, 유전되다"
intermediate,51,,22,inheritance,derived,"상속 ; 유전적 성질, 유전","상속 (재산); 유전적 성질[체질], 유전"
intermediate,51,,23,heir,headword,"상속인, 후계자","(재산, 지위 등의) 상속인, 후계자"
intermediate,51,,24,humanity,headword,"인류, 인간","인류(애), 인간"
intermediate,51,,25,human,derived,"인간의, 사람의; 인간, 사람","인간의, 사람의; 인간, 사람"
intermediate,51,,26,humane,derived,"인도적인, 자비로운","인도적인, 자비로운"
intermediate,51,,27,humble,headword,"겸손한; 소박한; 낮은, 비천한; 하찮은; 겸손하게 만들다","겸손한; 소박한; (신분 등이) 낮은, 비천한; (자기를 낮추어) 하찮은; 겸손하게 만들다"
intermediate,51,,28,humility,headword,겸손,겸손
intermediate,51,,29,humiliate,headword,"굴욕감을 주다, 자존심을 상하게 하다","굴욕감을 주다, 자존심을 상하게 하다"
intermediate,51,,30,humiliation,derived,굴욕; 창피 주기,굴욕(감); 창피 주기
intermediate,51,,31,nutrition,headword,영양분,영양분 (섭취)
intermediate,51,,32,nutritious,derived,"영양가 있는, 영양분이 많은","영양가 있는, 영양분이 많은"
intermediate,51,,33,nutritional,derived,영양상의,영양상의
intermediate,51,,34,nutrient,derived,"영양소, 영양분","영양소, 영양분"
intermediate,51,,35,malnutrition,derived,영양실조,영양실조
intermediate,51,,36,nourish,headword,"영양분을 주다; 육성하다, 조성하다","영양분을 주다; (감정, 생각, 능력 등을) 육성하다, 조성하다"
intermediate,51,,37,nourishment,derived,"영양, 음식; 육성","영양(물), 음식(물); 육성"
intermediate,51,,38,nurse,headword,"간호사; 유모; 간호하다, 돌보다","간호사; 유모; 간호하다, 돌보다"
intermediate,51,,39,nursery,derived,"유치원, 탁아소, 아이 방; 유치원의","유치원, 탁아소, (집 안의) 아이 방; 유치원의"
intermediate,51,,40,nurture,headword,"양육, 양성; 영양분, 음식; 키우다, 양육하다; 육성하다; 품다","양육, 양성; 영양분, (영양분이 든) 음식; 키우다, 양육하다; 육성[양성]하다; (계획, 아이디어 등을) 품다"
intermediate,51,,41,grab,headword,"붙잡다, 움켜쥐다, 잡아채려고 하다; 움켜쥐기, 잡아채기","붙잡다, 움켜쥐다, 잡아채려고 하다; 움켜쥐기, 잡아채기"
intermediate,51,,42,grasp,headword,"꽉 잡다, 움켜쥐다; 완전히 이해하다, 파악하다; 꽉 쥐기; 이해, 파악","꽉 잡다, 움켜쥐다; 완전히 이해하다, 파악하다; 꽉 쥐기[움켜잡기]; 이해, 파악"
intermediate,51,,43,grip,headword,"꽉 잡음, 움켜잡는 방식; 통제권; 꽉 잡다, 움켜잡다; 사로잡다","꽉 잡음, 움켜잡는 방식; 통제권; 꽉 잡다, 움켜잡다; 사로잡다"
intermediate,52,,1,lecture,headword,강의; 훈계,강의[강연](하다); 훈계(하다)
intermediate,52,,2,lecturer,derived,"강연자, 강사","강연자, (대학 등의) 강사"
intermediate,52,,3,legend,headword,"전설; 전설적인 인물; 범례, 기호 일람표","전설; 전설적인 인물; 범례, 기호 일람표"
intermediate,52,,4,legendary,derived,"전설의; 전설적인, 유명한","전설의; 전설적인, 유명한"
intermediate,52,,5,descend,headword,내려가다; 내리막이다; 내려앉다; 유래하다; 전락하다,"내려가다; 내리막이다; (어둠, 침묵 등이) 내려앉다; 유래하다; (...로) 전락하다"
intermediate,52,,6,descent,derived,"하강; 저하, 전락; 내리막; 혈통, 가계","하강; 저하, 전락; 내리막(길); 혈통, 가계"
intermediate,52,,7,descendant,derived,"자손, 후예","자손, 후예"
intermediate,52,,8,scale,headword,"규모, 정도; 계급, 등급; 축척, 비율; 저울, 천칭","규모, 정도; 계급, 등급; (지도 등의) 축척, 비율; 저울, 천칭"
intermediate,52,,9,escalate,headword,악화되다; 상승하다,"(분쟁, 상황 등이[을]) 악화되다[악화시키다]; (가격, 비용 등이[을]) 상승하다[상승시키다]"
intermediate,52,,10,escalator,derived,에스컬레이터,에스컬레이터
intermediate,52,,11,literal,headword,글자 그대로의; 원문에 충실한,(의미 등이) 글자 그대로의; (번역 등이) 원문에 충실한
intermediate,52,,12,literally,derived,글자 그대로,글자 그대로
intermediate,52,,13,literate,headword,읽고 쓸 줄 아는,읽고 쓸 줄 아는
intermediate,52,,14,literacy,derived,읽고 쓰는 능력,읽고 쓰는 능력
intermediate,52,,15,literature,headword,문학; 문헌,문학; 문헌
intermediate,52,,16,literary,derived,"문학의, 문예의","문학의, 문예의"
intermediate,52,,17,vow,headword,맹세,맹세(하다)
intermediate,52,,18,vote,headword,"투표; 표; 투표권; 투표수, 득표수; 투표하다; 의결하다","투표; 표; 투표권; 투표수, 득표수; 투표하다; 의결하다"
intermediate,52,,19,voter,derived,"유권자, 투표자","유권자, 투표자"
intermediate,52,,20,devote,headword,"헌신하다, 바치다; 전념하다","헌신하다, (돈, 시간, 노력 등을) 바치다; 전념하다"
intermediate,52,,21,devoted,derived,헌신적인; 전념하는,헌신적인; 전념하는
intermediate,52,,22,devotion,derived,헌신; 전념; 기도; 신앙,헌신; 전념; 기도; 신앙
intermediate,52,,23,devotional,derived,"종교적인, 종교 의식에 관련된","종교적인, 종교 의식에 관련된"
intermediate,52,,24,bandage,headword,붕대,붕대(를 감다)
intermediate,52,,25,bond,headword,"결속, 유대; 채권; 접착제, 본드; 굴레, 속박; 유대를 맺다; 접착시키다","결속, 유대; 채권; 접착제, 본드; 굴레, 속박; 유대를 맺다; 접착시키다"
intermediate,52,,26,bundle,headword,"다발, 꾸러미","다발, 꾸러미"
intermediate,52,,27,bind,headword,"묶다; 결속시키다; 속박하다, ...하게 하다; 제본하다","묶다; (사람, 국가 등을) 결속시키다; (약속, 의무 등으로) 속박[제한]하다, ...하게 하다; (책, 원고 등을) 제본하다"
intermediate,52,,28,bound,derived,...할 것 같은; ...할 의무가 있는; ...로 향하는,...할 것 같은; ...할 의무가 있는; ...로 향하는
intermediate,52,,29,sacred,headword,신성한; 종교적인,신성한; 종교적인
intermediate,52,,30,sacrifice,headword,희생; 제물,희생(하다); 제물(로 바치다)
intermediate,52,,31,saint,headword,"성인, 성자","성인(聖人), 성자"
intermediate,52,,32,private,headword,"개인적인, 사적인, 사유의; 비밀의","개인적인, 사적인, 사유의; 비밀의"
intermediate,52,,33,privately,derived,"남몰래, 은밀히; 개인으로서","남몰래, 은밀히; 개인으로서"
intermediate,52,,34,privacy,derived,"사생활, 혼자 있는 상태","사생활, (남의 간섭, 눈길 없이) 혼자 있는 상태"
intermediate,52,,35,deprive,headword,"빼앗다, 박탈하다","빼앗다, 박탈하다"
intermediate,52,,36,deprivation,derived,박탈; 결핍,박탈; 결핍
intermediate,52,,37,charity,headword,자선; 자선 단체; 관대함,자선; 자선 단체; 관대함
intermediate,52,,38,charitable,derived,"자선의, 자선을 베푸는","자선의, 자선을 베푸는"
intermediate,52,,39,cherish,headword,"소중히 여기다, 아끼다","소중히 여기다(기르다), 아끼다"
intermediate,52,,40,abundant,headword,"풍부한, 많은","풍부한, 많은"
intermediate,52,,41,abound,derived,"풍부하다, 많이 있다","풍부하다, 많이 있다"
intermediate,52,,42,abundance,derived,"풍부, 다량, 다수","풍부, 다량, 다수"
intermediate,52,,43,surround,headword,"둘러싸다, 에워싸다, 포위하다","둘러싸다, 에워싸다, 포위하다"
intermediate,52,,44,surrounding,derived,"주변의, 주위의, 부근의","주변의, 주위의, 부근의"
intermediate,52,,45,surroundings,derived,환경,"(사람, 사물을 둘러싸는) 환경"
intermediate,53,,1,victory,headword,승리,승리
intermediate,53,,2,victor,derived,승리자,승리자
intermediate,53,,3,victorious,derived,"승리의, 의기양양한","승리의, (이겨서) 의기양양한"
intermediate,53,,4,convict,headword,"유죄를 선고하다; 죄수, 수형자","(...에게) 유죄를 선고[입증]하다; 죄수, 수형자"
intermediate,53,,5,conviction,derived,"유죄 판결; 확신, 신념","유죄 판결; 확신, 신념"
intermediate,53,,6,convince,headword,확신시키다; 설득하다,확신[납득]시키다; 설득하다
intermediate,53,,7,convincing,derived,"설득력 있는, 확실한","설득력 있는, 확실한"
intermediate,53,,8,province,headword,"주, 도; 지방; 분야","(행정 단위인) 주(州), 도(道); (수도 외의) 지방; (특정 관심, 지식) 분야"
intermediate,53,,9,provincial,derived,주의; 지방의; 편협한,주(州)[도(道)]의; 지방의; 편협한
intermediate,53,,10,temporary,headword,일시적인; 임시의,일시적인; 임시의
intermediate,53,,11,temporarily,derived,일시적으로; 임시로,일시적으로; 임시로
intermediate,53,,12,contemporary,headword,"현대의, 당대의; 동시대의, 같은 시기의; 같은 시대의 사람","현대의, 당대의; (...와) 동시대의, 같은 시기의; 같은 시대의 사람"
intermediate,53,,13,miracle,headword,"기적, 놀라운 일","기적, 놀라운 일"
intermediate,53,,14,miraculous,derived,"기적의, 기적 같은","기적의, 기적 같은"
intermediate,53,,15,admire,headword,"존경하다, 찬양하다; 바라보다","존경하다, 찬양하다; (감탄하며) 바라보다"
intermediate,53,,16,admirable,derived,"존경받을 만한, 훌륭한","존경[칭찬]받을 만한, 훌륭한"
intermediate,53,,17,admiration,derived,"존경, 찬양, 감탄","존경, 찬양, 감탄"
intermediate,53,,18,marvelous(marvellous),headword,"(매우) 훌륭한, 재미있는, 흥미로운","(매우) 훌륭한, 재미있는, 흥미로운"
intermediate,53,,19,marvel,derived,"경이, 놀라운 일, 불가사의; ...에 놀라다, 경탄하다","경이, 놀라운 일, 불가사의; ...에 놀라다, 경탄하다"
intermediate,53,,20,marvelously,derived,"놀라울 만큼, 불가사의하게","놀라울 만큼, 불가사의하게"
intermediate,53,,21,announce,headword,"발표하다, 알리다","(공식적으로) 발표하다, 알리다"
intermediate,53,,22,announcement,derived,"발표, 공표; 알림, 공고, 고지","발표, 공표; 알림, 공고, 고지"
intermediate,53,,23,announcer,derived,"방송 진행자, 아나운서","방송 진행자, 아나운서"
intermediate,53,,24,pronounce,headword,"발음하다; 선언하다, 선고하다","발음하다; 선언하다, 선고하다"
intermediate,53,,25,pronunciation,derived,발음,발음(법)
intermediate,53,,26,pronouncement,derived,"선언, 공고","(공식적인) 선언, 공고"
intermediate,53,,27,numeral,headword,숫자를 나타내는; 숫자,숫자를 나타내는; 숫자
intermediate,53,,28,numerical,derived,"수와 관련된, 숫자로 나타낸","수와 관련된, 숫자로 나타낸"
intermediate,53,,29,numerous,headword,"많은, 다수의","많은, 다수의"
intermediate,53,,30,numerously,derived,"많이, 수없이","많이, 수없이"
intermediate,53,,31,innumerable,headword,셀 수 없이 많은,셀 수 없이 많은
intermediate,53,,32,illusion,headword,"착각, 오해; 환영, 환각","(사람, 상황에 대한) 착각, 오해; 환영, 환각"
intermediate,53,,33,illusionary,derived,환영의; 착각의,환영의; 착각의
intermediate,53,,34,illusionist,derived,마술사,마술사
intermediate,53,,35,illusive,derived,환영인,(실제처럼 보이지만) 환영인
intermediate,53,,36,delusion,headword,"망상, 착각","(스스로의) 망상, 착각"
intermediate,53,,37,delusional,derived,망상의,망상의
intermediate,53,,38,delusive,derived,"기만적인, 현혹하는","기만적인, 현혹하는"
intermediate,53,,39,delude,derived,"속이다, 착각하게 만들다","속이다, 착각하게 만들다"
intermediate,53,,40,mutual,headword,"상호간의, 서로의, 공통의","상호간의, 서로의, 공통의"
intermediate,53,,41,mutually,derived,"서로, 상호간에, 공통으로","서로, 상호간에, 공통으로"
intermediate,53,,42,commute,headword,통근하다; 통근,(정기적으로) 통근하다; 통근[통학] (시간)
intermediate,53,,43,mutation,headword,"변화, 변형; 돌연변이","변화, 변형; (생물) 돌연변이"
intermediate,53,,44,corporate,headword,"회사의, 법인의; 단체의, 공동의","회사의, 법인의; 단체의, 공동의"
intermediate,53,,45,corporation,derived,"법인, 기업; 유한 회사; 단체; 지방 자치 단체","(사단) 법인, 기업; 유한[주식] 회사; 단체; 지방 자치 단체"
intermediate,53,,46,incorporate,headword,"법인으로 만들다; 포함하다, 합병하다","법인으로 만들다; 포함하다, 합병하다"
intermediate,53,,47,incorporation,derived,"법인, 회사; 설립; 합병; 결합","법인, 회사; (회사) 설립; 합병; 결합"
intermediate,53,,48,corps,headword,"군단, 단; 단체","군단, 단(團); (특정 일, 활동을 하는) 단체"
intermediate,53,,49,commerce,headword,"상업, 무역","상업, 무역"
intermediate,53,,50,commercial,derived,"상업의, 무역의; 영리적인, 상업적인; 상업 광고","상업(상)의, 무역의; (음반, 영화 등이) 영리적인, 상업적인; 상업 광고"
intermediate,53,,51,commercialize,derived,상업화하다,상업화하다
intermediate,53,,52,merchant,headword,"상인, 무역상","상인, 무역상"
intermediate,53,,53,merchandise,derived,"제품, 상품; 판매하다","제품, 상품; (광고하여) 판매하다"
intermediate,53,,54,mercy,headword,"자비, 관용","자비, 관용"
intermediate,53,,55,merciful,derived,"자비로운, 인정 많은","(남에게) 자비로운, 인정 많은"
intermediate,53,,56,merciless,derived,"무자비한, 잔인한","무자비한, 잔인한"
intermediate,53,,57,voluntary,headword,"자발적인; 자원봉사의, 무상으로 일하는","자발적인; 자원봉사의, 무상으로 일하는"
intermediate,53,,58,voluntarily,derived,자발적으로,자발적으로
intermediate,53,,59,involuntary,derived,자기도 모르게 하는; 원치 않는,자기도 모르게 하는; 원치 않는
intermediate,53,,60,volunteer,headword,"지원자, 지원병; 자원봉사자; 자진하여 하다; 자원봉사로 하다; 지원병이 되다","지원자, 지원병; 자원봉사자; 자진하여 하다; 자원봉사로 하다; 지원병이 되다"
intermediate,54,,1,philosophy,headword,철학,철학
intermediate,54,,2,philosopher,derived,철학자,철학자
intermediate,54,,3,philosophical,derived,"철학의, 철학에 관련된","철학의, 철학에 관련된"
intermediate,54,,4,sophomore,headword,2학년생,"(대학, 고교의) 2학년생"
intermediate,54,,5,sophisticated,headword,"세련된, 교양 있는, 경험 많은, 숙련된; 정교한, 복잡한","세련된, 교양 있는, 경험 많은, 숙련된; (기계, 기술 등이) 정교한, 복잡한"
intermediate,54,,6,sophistication,derived,"세련됨, 교양; 정교화","세련됨, (지적) 교양; (기계 등의) 정교화"
intermediate,54,,7,altitude,headword,"고도, 높이, 해발","고도, 높이, 해발"
intermediate,54,,8,abolish,headword,"폐지하다, 없애다","(법률, 제도, 관습 등을) 폐지하다, 없애다"
intermediate,54,,9,abolition,derived,폐지,"(법률, 제도 등의) 폐지"
intermediate,54,,10,adolescent,headword,"청소년, 청년","청소년(의), 청년(의)"
intermediate,54,,11,adolescence,derived,"청소년기, 사춘기","청소년기, 사춘기"
intermediate,54,,12,anguish,headword,"극심한 고통, 고뇌, 비통","극심한 고통, 고뇌, 비통"
intermediate,54,,13,anxious,headword,"걱정하는, 불안해하는; 갈망하는","걱정하는, 불안해하는; 갈망[열망]하는"
intermediate,54,,14,anxiety,derived,"걱정, 불안; 갈망, 열망","걱정, 불안; 갈망, 열망"
intermediate,54,,15,fare,headword,"요금, 운임","(교통 기관의) 요금, 운임"
intermediate,54,,16,farewell,headword,"작별 ; 작별의, 이별의, 송별의; 잘 가요.","작별 (인사); 작별의, 이별의, 송별의; (작별하는 인사말) 잘 가요."
intermediate,54,,17,welfare,headword,"행복, 번영; 복지, 복리후생","(건강, 안전 등을 포함한) 행복, 번영; 복지, 복리후생"
intermediate,54,,18,defend,headword,"방어하다; 옹호하다, 변호하다","방어하다; 옹호하다, 변호[변론]하다"
intermediate,54,,19,defendant,derived,피고인,피고인
intermediate,54,,20,defense(defence),derived,"방어; 옹호, 변호, 변론","방어; 옹호, 변호, 변론"
intermediate,54,,21,defenseless,derived,"무방비의, 방어할 수 없는","무방비의, 방어할 수 없는"
intermediate,54,,22,defensive,derived,"방어의, 방어적인","방어(용)의, 방어적인"
intermediate,54,,23,fence,headword,울타리; 장애물; ...에 울타리를 치다; 펜싱을 하다,울타리; (경마 등에서의) 장애물; ...에 울타리를 치다; 펜싱을 하다
intermediate,54,,24,offend,headword,"화나게 하다, 불쾌감을 주다; 위반하다, 죄를 범하다","화나게 하다, 불쾌감을 주다; 위반하다, 죄를 범하다"
intermediate,54,,25,offense,derived,"위반, 범죄; 무례; 공격","위반, 범죄; 무례; 공격"
intermediate,54,,26,offensive,derived,"화나게 하는, 불쾌한; 공격의, 공격적인","화나게 하는, 불쾌한; 공격(용)의, 공격적인"
intermediate,54,,27,offender,derived,범죄자,범죄자
intermediate,54,,28,mortal,headword,죽을 운명의; 치명적인; 인간,"죽을 운명의; (병, 상처가) 치명적인; 인간"
intermediate,54,,29,mortality,derived,사망; 죽을 운명,사망(률); 죽을 운명
intermediate,54,,30,mortgage,headword,"저당, 저당 잡히기; 융자; 저당 잡히다","저당(권), 저당 잡히기; (주택, 토지 매입을 위한) 융자(금); (토지, 재산 등을) 저당 잡히다"
intermediate,54,,31,murder,headword,"살인, 살해; 죽이다, 살인하다","살인(죄), 살해; 죽이다, 살인하다"
intermediate,54,,32,murderer,derived,살인자,살인자
intermediate,54,,33,tremble,headword,"떨다, 떨리다; 흔들리다, 진동하다","(공포, 분노 등으로) 떨다, 떨리다; (나뭇잎, 건물 등이) 흔들리다, 진동하다"
intermediate,54,,34,tremendous,headword,"엄청난, 막대한; 멋진, 대단한","엄청난, 막대한; 멋진, 대단한"
intermediate,54,,35,tremendously,derived,엄청나게,엄청나게
intermediate,54,,36,migrate,headword,"이주하다, 이동하다","(사람이) 이주하다, (동물, 새 등이 계절에 따라) 이동하다"
intermediate,54,,37,migration,derived,"이주, 이동","(사람, 동물 등의) 이주, 이동"
intermediate,54,,38,migratory,derived,이주하는,이주[이동]하는
intermediate,54,,39,immigrate,headword,"이민 오다, 이주해 오다","(다른 나라에서) 이민 오다, 이주해 오다"
intermediate,54,,40,immigration,derived,"이민, 이주","(다른 나라로부터의) 이민, 이주"
intermediate,54,,41,immigrant,derived,"이민자, 이주자","(다른 나라로부터의) 이민자, 이주자"
intermediate,54,,42,emigrate,headword,"이민 가다, 이주하다","(다른 나라로) 이민 가다, 이주하다"
intermediate,54,,43,emigration,derived,"이민, 이주","(다른 나라로의) 이민, 이주"
intermediate,54,,44,emigrant,derived,"이민자, 이주자","(다른 나라로의) 이민자, 이주자"
intermediate,54,,45,dispute,headword,"논쟁하다, 반박하다, 반론을 제기하다; 논쟁, 분쟁, 언쟁","논쟁하다, 반박하다, 반론을 제기하다; 논쟁, 분쟁, 언쟁"
intermediate,54,,46,reputation,headword,"평판, 명성, 명망","평판, 명성, 명망"
intermediate,55,,1,favorable,headword,"호의적인, 찬성하는","호의적인, 찬성하는"
intermediate,55,,2,reliable,headword,"의지할 수 있는, 믿을 만한","의지할 수 있는, 믿을 만한"
intermediate,55,,3,visible,headword,"눈에 보이는; 분명한, 명백한; 눈에 띄는, 두드러진","눈에 보이는; 분명한, 명백한; 눈에 띄는, 두드러진"
intermediate,55,,4,visual,derived,시각의; 눈으로 보는,시각[시력]의; 눈으로 보는
intermediate,55,,5,hopeful,headword,"희망에 찬, 기대하는","희망에 찬, 기대하는"
intermediate,55,,6,doubtful,headword,"의심스러운, 확신이 없는","의심스러운, 확신이 없는"
intermediate,55,,7,doubtfully,derived,"의심스럽게, 미심쩍게","의심스럽게, 미심쩍게"
intermediate,55,,8,doubtfulness,derived,"의심스러움, 불확실함","의심스러움, 불확실함"
intermediate,55,,9,meaningful,headword,"의미 있는, 중요한","의미 있는, 중요한"
intermediate,55,,10,regretful,headword,"후회하는, 유감스러워하는","후회하는, 유감스러워하는"
intermediate,55,,11,thoughtful,headword,"생각에 잠긴, 사색하는; 배려심 있는, 사려 깊은","생각에 잠긴, 사색하는; 배려심 있는, 사려 깊은"
intermediate,55,,12,countless,headword,"셀 수 없는, 무수히 많은","셀 수 없는, 무수히 많은"
intermediate,55,,13,endless,headword,끝없는,끝없는
intermediate,55,,14,helpless,headword,"무력한, 속수무책인; 감당하지 못하는","무력한, 속수무책인; 감당하지 못하는"
intermediate,55,,15,helplessness,derived,"무력감, 난감함","무력감, 난감함"
intermediate,55,,16,ideal,headword,"이상적인, 완벽한; 상상의","이상적인, 완벽한; 상상의"
intermediate,55,,17,ideally,derived,"이상적으로, 완벽하게","이상적으로, 완벽하게"
intermediate,55,,18,idealist,derived,이상주의자,이상주의자
intermediate,55,,19,idealistic,derived,이상주의적인,이상주의적인
intermediate,55,,20,idealize,derived,"이상화하다, 이상적으로 생각하다","이상화하다, 이상적으로 생각하다"
intermediate,55,,21,verbal,headword,"언어의, 구두로 된","언어[말]의, 구두[말]로 된"
intermediate,55,,22,verbally,derived,"말로, 구두로","말로, 구두로"
intermediate,55,,23,internal,headword,"내부의, 내적인","내부의, 내적인"
intermediate,55,,24,internally,derived,"내부로, 내적으로","내부로, 내적으로"
intermediate,55,,25,internalize,derived,"내면화하다, 습득하다","내면화하다, 습득하다"
intermediate,55,,26,racial,headword,"인종의, 민족의","인종의, 민족의"
intermediate,55,,27,racism,derived,인종 차별,인종 차별 (주의)
intermediate,55,,28,racist,derived,인종 차별 주의자,인종 차별 주의자
intermediate,55,,29,spiritual,headword,"정신의, 정신적인","정신의, 정신적인"
intermediate,55,,30,familiar,headword,"친근한, 익숙한","친근한, 익숙한"
intermediate,55,,31,solar,headword,"태양의, 태양열을 이용한","태양의, 태양열을 이용한"
intermediate,55,,32,peculiar,headword,"기이한, 독특한","기이한, 독특한"
intermediate,55,,33,customary,headword,관례적인; 습관적인,관례적인; 습관적인
intermediate,55,,34,satisfactory,headword,"충분한, 만족스러운","충분한, 만족스러운"
intermediate,55,,35,satisfaction,derived,만족,만족(감)
intermediate,55,,36,costly,headword,값비싼; 손실이 큰,값비싼; 손실[희생]이 큰
intermediate,55,,37,timely,headword,"시기적절한, 때를 맞춘","시기적절한, 때를 맞춘"
intermediate,55,,38,orderly,headword,"정돈된, 단정한; 질서 있는","정돈된, 단정한; (행동이) 질서 있는"
intermediate,56,,1,furious,headword,몹시 화가 난; 맹렬한,몹시 화가 난; 맹렬한
intermediate,56,,2,furiously,derived,"맹렬하게, 극단적으로","맹렬하게, 극단적으로"
intermediate,56,,3,ambitious,headword,야심 있는,야심 있는
intermediate,56,,4,cautious,headword,"조심스러운, 신중한","조심스러운, 신중한"
intermediate,56,,5,continuous,headword,"끊임없는, 계속적인","끊임없는, 계속[연속]적인"
intermediate,56,,6,continuously,derived,연달아,연달아
intermediate,56,,7,fortunate,headword,운이 좋은,운이 좋은
intermediate,56,,8,fortunately,derived,"운 좋게도, 다행히도","운 좋게도, 다행히도"
intermediate,56,,9,passionate,headword,"열렬한, 정열적인","열렬한, 정열적인"
intermediate,56,,10,passionately,derived,열정적으로,열정적으로
intermediate,56,,11,intimate,headword,친밀한,친밀한
intermediate,56,,12,intimacy,derived,친밀함,친밀함
intermediate,56,,13,pleasant,headword,"즐거운, 기분 좋은","즐거운, 기분 좋은"
intermediate,56,,14,pleasure,derived,"기쁨, 즐거움","기쁨, 즐거움"
intermediate,56,,15,reliant,headword,"의지하는, 신뢰하는","의지[의존]하는, 신뢰하는"
intermediate,56,,16,reliance,derived,"의존, 의지, 신뢰","의존, 의지, 신뢰"
intermediate,56,,17,violent,headword,"폭력적인, 난폭한; 격렬한","폭력적인, 난폭한; 격렬한"
intermediate,56,,18,violence,derived,"폭행, 폭력","폭행, 폭력"
intermediate,56,,19,violently,derived,"거세게, 격렬히; 난폭하게","거세게, 격렬히; 난폭하게"
intermediate,56,,20,urgent,headword,"긴급한, 다급한","긴급한, 다급한"
intermediate,56,,21,urgently,derived,급히,급히
intermediate,56,,22,urgency,derived,긴급,긴급(한 일)
intermediate,56,,23,foolish,headword,어리석은,어리석은
intermediate,56,,24,reddish,headword,"발그레한, 불그스름한","발그레한, 불그스름한"
intermediate,56,,25,selfish,headword,이기적인,이기적인
intermediate,56,,26,selfishness,derived,"이기적임, 이기주의","이기적임, 이기주의"
intermediate,56,,27,childish,headword,어린애 같은; 유치한,어린애 같은; 유치한
intermediate,56,,28,basic,headword,"기초적인, 기본적인","기초적인, 기본적인"
intermediate,56,,29,basically,derived,"본질적으로, 본래","본질적으로, 본래"
intermediate,56,,30,characteristic,headword,"특징적인, 독특한; 특징","특징적인, 독특한; 특징"
intermediate,56,,31,character,derived,성격; 특성; 등장인물,성격; 특성; 등장인물
intermediate,56,,32,characteristically,derived,특징적으로,특징적으로
intermediate,56,,33,characterize,derived,특징 짓다,특징 짓다
intermediate,56,,34,typical,headword,전형적인,전형적인
intermediate,56,,35,active,headword,활동적인; 적극적인,활동적인; 적극적인
intermediate,56,,36,activity,derived,"활동, 행동","활동, 행동"
intermediate,56,,37,activate,derived,"작동시키다, 활성화하다","작동시키다, 활성화하다"
intermediate,56,,38,intuitive,headword,직감에 의한; 직관적인,직감에 의한; 직관적인
intermediate,56,,39,intuition,derived,"직관력; 직감, 직관","직관력; 직감, 직관"
intermediate,56,,40,informative,headword,"유익한, 정보를 제공하는","유익한, 정보를 제공하는"
intermediate,56,,41,information,derived,"정보, 지식","정보, 지식"
intermediate,56,,42,hasty,headword,"성급한, 서두르는","성급한, 서두르는"
intermediate,56,,43,hasten,derived,서둘러 하다; 재촉하다,서둘러 하다; 재촉하다
intermediate,56,,44,sticky,headword,"끈적거리는, 달라붙는","끈적거리는, 달라붙는"
intermediate,56,,45,gloomy,headword,"어두운, 우울한; 우울하게 하는","어두운, 우울한; 우울하게 하는"
intermediate,57,,1,imaginable,headword,상상할 수 있는,상상할 수 있는
intermediate,57,,2,imaginative,headword,"상상력이 풍부한, 창의적인","상상력이 풍부한, 창의적인"
intermediate,57,,3,imaginary,headword,"상상 속에 존재하는, 가상의","상상 속에 존재하는, 가상의"
intermediate,57,,4,successful,headword,"성공적인, 출세한","성공적인, 출세한"
intermediate,57,,5,successfully,derived,성공적으로,성공적으로
intermediate,57,,6,successive,headword,연속적인,연속[계속]적인
intermediate,57,,7,industrial,headword,"산업의, 산업이 발달한","산업의, 산업이 발달한"
intermediate,57,,8,industrious,headword,근면한,근면한
intermediate,57,,9,economic,headword,경제의,경제(학)의
intermediate,57,,10,economics,derived,경제학,경제학
intermediate,57,,11,economical,headword,"절약이 되는, 경제적인","절약이 되는, 경제적인"
intermediate,57,,12,historic,headword,역사적으로 중요한,역사적으로 중요한
intermediate,57,,13,historical,headword,"역사의, 역사에 관련된, 역사적인","역사(학)의, 역사에 관련된, 역사적인"
intermediate,57,,14,considerable,headword,"상당한, 많은; 고려해야 할, 중요한","(양, 정도 등이) 상당한, 많은; 고려해야 할, 중요한"
intermediate,57,,15,considerably,derived,"많이, 상당히","많이, 상당히"
intermediate,57,,16,considerate,headword,"사려 깊은, 배려하는","사려 깊은, 배려하는"
intermediate,57,,17,consideration,derived,"숙고, 고려; 참작, 배려","숙고, 고려(사항); 참작, 배려"
intermediate,57,,18,sensible,headword,"분별 있는, 현명한","분별[지각] 있는, 현명한"
intermediate,57,,19,sensitive,headword,"섬세한; 민감한, 예민한","섬세한; 민감한, 예민한"
intermediate,57,,20,sensitivity,derived,"세심함; 민감, 예민함","세심함; 민감, 예민함"
intermediate,57,,21,respectable,headword,"존경할 만한, 훌륭한; 꽤 괜찮은","존경할 만한, 훌륭한"
intermediate,57,,22,respectful,headword,"존경하는, 공손한","존경[존중]하는, 공손한"
intermediate,57,,23,respectfully,derived,"공손히, 정중하게","공손히, 정중하게"
intermediate,57,,24,intellectual,headword,"지적인, 지성의","지적인, 지성의"
intermediate,57,,25,intelligent,headword,"영리한, 총명한","(사람, 동물의 머리가) 영리한, 총명한"
intermediate,57,,26,intelligence,derived,"지능, 이해력","지능, 이해력"
intermediate,57,,27,literal,headword,글자 그대로의; 원문에 충실한,글자 그대로의
intermediate,57,,28,literally,derived,글자 그대로,글자 그대로
intermediate,57,,29,literary,headword,"문학의, 문예의","문학의, 문예의"
intermediate,57,,30,literate,headword,읽고 쓸 줄 아는,읽고 쓸 줄 아는
intermediate,57,,31,literacy,derived,읽고 쓰는 능력,읽고 쓰는 능력
intermediate,57,,32,social,headword,"사회의, 사회적인","사회의, 사회적인"
intermediate,57,,33,sociable,headword,"사교적인, 붙임성 있는","사교적인, 붙임성 있는"
intermediate,57,,34,comparable,headword,"비교될 만한, 비슷한","비교될 만한, 비슷한"
intermediate,57,,35,comparative,headword,"비교의, 비교적인, 상대적인","비교의, 비교적인, 상대적인"
intermediate,57,,36,comparatively,derived,"비교적, 어느 정도","비교적, 어느 정도"
intermediate,58,,1,interviewer,headword,"면접관, 인터뷰 진행자","면접관, 인터뷰 진행자"
intermediate,58,,2,interviewee,headword,면접 대상자,면접[인터뷰] 대상자
intermediate,58,,3,inventor,headword,발명가,발명가
intermediate,58,,4,invention,derived,발명,발명(품)
intermediate,58,,5,inventive,derived,"창의력이 있는, 독창적인","창의력이 있는, 독창적인"
intermediate,58,,6,supervisor,headword,"감독관, 관리자","감독관, 관리자"
intermediate,58,,7,supervision,derived,"감독, 관리","감독, 관리"
intermediate,58,,8,secretary,headword,비서,비서
intermediate,58,,9,boundary,headword,경계선,경계선
intermediate,58,,10,variety,headword,"다양성, 다양함","다양성, 다양함"
intermediate,58,,11,various,derived,"다양한, 가지각색의","다양한, 가지각색의"
intermediate,58,,12,ability,headword,"할 수 있음, 능력","할 수 있음, 능력"
intermediate,58,,13,able,derived,...할 수 있는; 유능한,...할 수 있는; 유능한
intermediate,58,,14,authority,headword,"권한, 권위","권한, 권위"
intermediate,58,,15,authoritative,derived,권위적인,권위적인
intermediate,58,,16,authorize,derived,권한을 주다,권한을 주다
intermediate,58,,17,authorized,derived,"권한을 받은, 허가된","권한을 받은, 허가된"
intermediate,58,,18,appearance,headword,"외모, 외관; 출현, 출연, 등장","외모, 외관; 출현, 출연, 등장"
intermediate,58,,19,conference,headword,"회담, 회견; 회의, 협의회","회담, 회견; 회의, 협의회"
intermediate,58,,20,creature,headword,"생물, 동물; 창조물; 괴물","(생명이 있는) 생물, 동물; 창조물; (상상의) 괴물"
intermediate,58,,21,failure,headword,"실패, 낙제","실패(자), 낙제(자)"
intermediate,58,,22,accuracy,headword,"정확, 정밀","정확(성), 정밀(도)"
intermediate,58,,23,privacy,headword,"사생활, 혼자 있는 상태","사생활, 혼자 있는 상태"
intermediate,58,,24,witness,headword,"목격자, 입회인; 증인; 목격하다; 증언하다","목격자, 입회인; (법정에서) 증인; 목격하다; 증언하다"
intermediate,58,,25,fitness,headword,건강; 적절함,건강(함); 적절함
intermediate,58,,26,fit,derived,건강한; 적절한; ...에 알맞다; 맞게 하다,건강한; 적절한; ...에 알맞다[어울리다]; 맞게 하다
intermediate,58,,27,agreement,headword,"협정, 계약; 동의, 합의","협정, 계약; 동의, 합의"
intermediate,58,,28,assessment,headword,"평가, 판단; 과세, 부과","평가, 판단; 과세(액), 부과(액)"
intermediate,58,,29,document,headword,"서류, 문서; 기록하다","서류, 문서; 기록하다"
intermediate,58,,30,documentary,derived,"다큐멘터리, 기록물","다큐멘터리, 기록물"
intermediate,58,,31,documentation,derived,"기록, 문서화","기록, 문서화"
intermediate,58,,32,supplement,headword,"추가, 보충; 보충하다","추가(물), 보충(물); 보충[추가]하다"
intermediate,58,,33,supplementary,derived,보충의,보충의
intermediate,58,,34,economics,headword,경제학,경제학
intermediate,58,,35,economist,derived,경제학자,경제학자
intermediate,58,,36,politics,headword,정치,정치(학)
intermediate,58,,37,politician,derived,정치인,정치인
intermediate,58,,38,physics,headword,물리학,물리학
intermediate,58,,39,physicist,derived,물리학자,물리학자
intermediate,58,,40,childhood,headword,유년기,유년기
intermediate,58,,41,neighborhood,headword,"근처, 동네; 이웃 사람들","근처, 동네; 이웃 사람들"
intermediate,58,,42,angle,headword,"각도, 각; 관점; 노리다","각도, 각; 관점; 노리다"
intermediate,58,,43,angular,derived,"각이 진, 모난","각이 진, 모난"
intermediate,58,,44,label,headword,"라벨, 표; 라벨을 붙이다","라벨, 표; 라벨[표]을 붙이다"
intermediate,58,,45,labeled(labelled),derived,"표를 붙인, 분류한","표를 붙인, 분류한"
intermediate,59,,1,assistant,headword,"보조자, 조수; 보조의, 하위 직급의","보조자, 조수; 보조의, 하위 직급의"
intermediate,59,,2,assistance,derived,"보조, 도움","보조, 도움"
intermediate,59,,3,attendant,headword,시중드는 사람; 수행원,시중드는 사람; 수행원
intermediate,59,,4,attention,derived,"주목, 주의; 관심; 시중, 돌봄","주목, 주의; 관심; 시중, 돌봄"
intermediate,59,,5,attentive,derived,"주의 깊은, 세심한","주의 깊은, 세심한"
intermediate,59,,6,consultant,headword,"상담가, 자문 위원","상담가, 자문 위원"
intermediate,59,,7,servant,headword,"하인, 고용인","하인, 고용인"
intermediate,59,,8,service,derived,"서비스, 봉사","서비스, 봉사"
intermediate,59,,9,resident,headword,"거주자; 거주하는, 살고 있는","거주자; 거주하는, 살고 있는"
intermediate,59,,10,residential,derived,"주택가의, 거주지의","주택가의, 거주지의"
intermediate,59,,11,residence,derived,"주택, 거주지; 거주","주택, 거주지; 거주"
intermediate,59,,12,journalist,headword,"언론인, 기자","언론인, 기자"
intermediate,59,,13,journalism,derived,"저널리즘, 기사 보도; 언론계","저널리즘, 기사 보도; 언론계"
intermediate,59,,14,psychologist,headword,심리학자,심리학자
intermediate,59,,15,psychological,derived,심리적인; 심리학의,심리적인; 심리학의
intermediate,59,,16,relative,headword,"친척, 인척; 상대적인","친척, 인척; 상대적인"
intermediate,59,,17,representative,headword,대표자; 대표하는,대표자; 대표하는
intermediate,59,,18,representation,derived,"표시, 표현; 대리, 대변, 대표","표시, 표현; 대리, 대변, 대표"
intermediate,59,,19,discovery,headword,발견,발견
intermediate,59,,20,theory,headword,"이론, 학설","이론, 학설"
intermediate,59,,21,theorize,derived,이론으로 만들다,이론으로 만들다
intermediate,59,,22,theoretical,derived,이론상의,이론상의
intermediate,59,,23,theorist,derived,이론가,이론가
intermediate,59,,24,surgery,headword,수술,수술
intermediate,59,,25,pollution,headword,"오염, 공해","오염, 공해"
intermediate,59,,26,pollutant,derived,오염 물질,오염 물질
intermediate,59,,27,translation,headword,"번역, 통역; 해석","번역, 통역; 해석"
intermediate,59,,28,translator,derived,번역가; 통역사,번역가; 통역사
intermediate,59,,29,introduction,headword,소개; 도입,소개; 도입
intermediate,59,,30,invitation,headword,초대,초대
intermediate,59,,31,wealth,headword,"부, 재산; 풍부함","부, 재산; 풍부함"
intermediate,59,,32,wealthy,derived,부유한,부유한
intermediate,59,,33,weight,headword,"무게, 체중","무게, 체중"
intermediate,59,,34,overweight,derived,과체중인,과체중인
intermediate,59,,35,lightweight,derived,가벼운,가벼운
intermediate,59,,36,outweigh,derived,"...보다 뛰어나다, 중요하다","...보다 뛰어나다, 중요하다"
intermediate,59,,37,arrival,headword,도착,도착
intermediate,59,,38,proposal,headword,제안; 신청; 청혼,제안; 신청; 청혼
intermediate,59,,39,citizenship,headword,"시민권, 시민으로서의 신분","시민권, 시민으로서의 신분"
intermediate,59,,40,leadership,headword,"통솔력, 지도력","통솔력, 지도력"
intermediate,59,,41,realism,headword,현실주의; 사실성,현실주의; 사실성
intermediate,59,,42,realistic,derived,현실적인; 진짜 같은,현실적인; 진짜 같은
intermediate,59,,43,reality,derived,현실,현실
intermediate,59,,44,realize,derived,깨닫다; 실현하다,깨닫다; 실현하다
intermediate,59,,45,optimism,headword,"낙관론, 낙천주의","낙관론, 낙천주의"
intermediate,59,,46,optimist,derived,"낙관론자, 낙천주의자","낙관론자, 낙천주의자"
intermediate,59,,47,criticism,headword,"비판, 비난; 비평, 평론","비판, 비난; (문예) 비평, 평론"
intermediate,59,,48,critic,derived,"비평가, 평론가","비평가, 평론가"
intermediate,59,,49,critical,derived,비판적인; 중대한; 위기의; 비평의,비판적인; 중대한; 위기의; 비평의
intermediate,59,,50,target,headword,"목표, 대상; 목표로 삼다, 대상으로 하다","목표, 대상; 목표로 삼다, 대상으로 하다"
intermediate,59,,51,booklet,headword,소책자,소책자
intermediate,59,,52,leaflet,headword,전단,(광고용) 전단
intermediate,59,,53,etiquette,headword,"예의, 에티켓","예의, 에티켓"
intermediate,60,,1,realize,headword,깨닫다; 실현하다,깨닫다; 실현하다
intermediate,60,,2,realization,derived,"깨달음; 실현, 현실화","깨달음; 실현, 현실화"
intermediate,60,,3,stabilize,headword,"안정되다, 안정시키다","안정되다, 안정시키다"
intermediate,60,,4,stability,derived,안정,안정(성)
intermediate,60,,5,categorize,headword,분류하다,분류하다
intermediate,60,,6,simplify,headword,"단순화하다, 간단하게 하다","단순화하다, 간단하게 하다"
intermediate,60,,7,simplification,derived,"단순화, 간소화","단순화, 간소화"
intermediate,60,,8,simplicity,derived,"단순, 간단","단순, 간단"
intermediate,60,,9,classify,headword,"분류하다, 구분하다","분류하다, 구분하다"
intermediate,60,,10,classification,derived,"분류, 구분","분류, 구분"
intermediate,60,,11,classified,derived,기밀의; 주제별로 분류된,(정보가) 기밀의; 주제별로 분류된
intermediate,60,,12,clarify,headword,"명확하게 하다, 분명히 말하다","명확하게 하다, 분명히 말하다"
intermediate,60,,13,clarification,derived,명료화,명료화
intermediate,60,,14,fascinate,headword,"매혹하다, 마음을 사로잡다","매혹하다, 마음을 사로잡다"
intermediate,60,,15,fascination,derived,"매력, 매혹됨","매력, 매혹됨"
intermediate,60,,16,frustrate,headword,"좌절감을 주다, 불만스럽게 만들다; 좌절시키다","좌절감을 주다, 불만스럽게 만들다; (계획을) 좌절시키다"
intermediate,60,,17,frustration,derived,"좌절감, 불만","좌절감, 불만"
intermediate,60,,18,imitate,headword,모방하다; 따라하며 흉내내다,모방하다; (재미로) 따라하며 흉내내다
intermediate,60,,19,imitation,derived,"모방, 흉내; 모조품","모방, 흉내; 모조품"
intermediate,60,,20,imitative,derived,모방적인,모방적인
intermediate,60,,21,irritate,headword,짜증 나게 하다; 자극하다,짜증 나게 하다; (피부를) 자극하다
intermediate,60,,22,irritation,derived,짜증 ; 자극,짜증 (나게 하는 것); 자극
intermediate,60,,23,motivate,headword,"동기를 부여하다, 자극하다","동기를 부여하다, 자극하다"
intermediate,60,,24,motivation,derived,"동기 부여, 자극; 열의","동기 부여, 자극; 열의"
intermediate,60,,25,originate,headword,"비롯되다, 일어나다; 발명하다","비롯되다, (...에서) 일어나다; 발명[고안]하다"
intermediate,60,,26,strengthen,headword,강화하다; 강화되다,강화하다; 강화되다
intermediate,60,,27,frighten,headword,무섭게 하다,무섭게 하다
intermediate,60,,28,fasten,headword,"묶다, 단단히 고정시키다","묶다, 단단히 고정시키다"
intermediate,60,,29,struggle,headword,"투쟁하다, 고군분투하다; 투쟁, 분투","투쟁하다, 고군분투하다; 투쟁, 분투"
intermediate,60,,30,wrestle,headword,"몸싸움하다, 레슬링을 하다","몸싸움하다, 레슬링을 하다"
intermediate,60,,31,wrestling,derived,레슬링,레슬링
intermediate,60,,32,wrestler,derived,레슬링 선수,레슬링 선수
intermediate,60,,33,extremely,headword,"극도로, 극히","극도로, 극히"
intermediate,60,,34,rarely,headword,"드물게, 거의 ...하지 않는","드물게, 거의 ...하지 않는"
intermediate,60,,35,nearly,headword,"거의, 가까스로, 하마터면","거의, 가까스로, 하마터면"
intermediate,60,,36,homeward,headword,"집 쪽으로, 집으로 향하여","집 쪽으로, 집으로 향하여"
intermediate,60,,37,upward,headword,위쪽으로,위쪽으로
intermediate,60,,38,forward,headword,앞으로,앞으로
intermediate,60,,39,halfway,headword,"가운데쯤에, 중간에","가운데쯤에, 중간에"
intermediate,60,,40,likewise,headword,"똑같이, 비슷하게","똑같이, 비슷하게"
intermediate,60,,41,otherwise,headword,"달리, 다르게","달리, 다르게"
intermediate,61,접사에 따라 뜻이 달라지는 혼동 어휘 1,1,considerable,headword,"상당한, 많은; 고려해야 할, 중요한","(양, 정도 등이) 상당한, 많은; 고려해야 할, 중요한"
intermediate,61,접사에 따라 뜻이 달라지는 혼동 어휘 1,2,considerate,headword,"사려 깊은, 배려하는","사려 깊은, 배려하는"
intermediate,61,접사에 따라 뜻이 달라지는 혼동 어휘 1,3,successful,headword,"성공적인, 출세한","성공적인, 출세한"
intermediate,61,접사에 따라 뜻이 달라지는 혼동 어휘 1,4,success,headword,"성공, 출세","성공, 출세"
intermediate,61,접사에 따라 뜻이 달라지는 혼동 어휘 1,5,successive,headword,연속적인,연속[계속]적인
intermediate,61,접사에 따라 뜻이 달라지는 혼동 어휘 1,6,succession,headword,"연속; 계승, 상속","연속; 계승, 상속"
intermediate,61,접사에 따라 뜻이 달라지는 혼동 어휘 1,7,competitive,headword,"경쟁력을 갖춘, 경쟁 우위에 있는; 경쟁의, 경쟁적인","경쟁력을 갖춘, 경쟁 우위에 있는; 경쟁의, 경쟁적인"
intermediate,61,접사에 따라 뜻이 달라지는 혼동 어휘 1,8,competent,headword,"유능한, 역량 있는","유능한, 역량 있는"
intermediate,61,접사에 따라 뜻이 달라지는 혼동 어휘 1,9,economic,headword,경제의,경제(학)의
intermediate,61,접사에 따라 뜻이 달라지는 혼동 어휘 1,10,economical,headword,"절약이 되는, 경제적인","절약이 되는, 경제적인"
intermediate,61,접사에 따라 뜻이 달라지는 혼동 어휘 1,11,imaginable,headword,상상할 수 있는,상상할 수 있는
intermediate,61,접사에 따라 뜻이 달라지는 혼동 어휘 1,12,imaginative,headword,"상상력이 풍부한, 창의적인","상상력이 풍부한, 창의적인"
intermediate,61,접사에 따라 뜻이 달라지는 혼동 어휘 1,13,imaginary,headword,"상상 속에 존재하는, 가상의","상상 속에 존재하는, 가상의"
intermediate,61,접사에 따라 뜻이 달라지는 혼동 어휘 1,14,comparable,headword,"비교될 만한, 비슷한","비교될 만한, 비슷한"
intermediate,61,접사에 따라 뜻이 달라지는 혼동 어휘 1,15,comparative,headword,"비교의, 비교적인, 상대적인","비교의, 비교적인, 상대적인"
intermediate,61,접사에 따라 뜻이 달라지는 혼동 어휘 1,16,effective,headword,효과적인; 시행되는,효과적인; (법 등이) 시행되는
intermediate,61,접사에 따라 뜻이 달라지는 혼동 어휘 1,17,efficient,headword,"능률적인, 효율적인","능률적인, 효율적인"
intermediate,61,접사에 따라 뜻이 달라지는 혼동 어휘 1,18,historic,headword,역사적으로 중요한,역사적으로 중요한
intermediate,61,접사에 따라 뜻이 달라지는 혼동 어휘 1,19,historical,headword,"역사의, 역사에 관련된, 역사적인","역사(학)의, 역사에 관련된, 역사적인"
intermediate,61,접사에 따라 뜻이 달라지는 혼동 어휘 1,20,continuous,headword,"끊임없는, 계속적인","끊임없는, 계속적인"
intermediate,61,접사에 따라 뜻이 달라지는 혼동 어휘 1,21,continual,headword,"반복되는, 빈번한","반복[거듭]되는, 빈번한"
intermediate,61,접사에 따라 뜻이 달라지는 혼동 어휘 1,22,respectful,headword,"존경하는, 공손한","존경[존중]하는, 공손한"
intermediate,61,접사에 따라 뜻이 달라지는 혼동 어휘 1,23,respectable,headword,"존경할 만한, 훌륭한; 꽤 괜찮은","존경할 만한, 훌륭한; 꽤 괜찮은"
intermediate,61,접사에 따라 뜻이 달라지는 혼동 어휘 1,24,respective,headword,"각각의, 저마다의, 각자의","각각의, 저마다의, 각자의"
intermediate,62,접사에 따라 뜻이 달라지는 혼동 어휘 2,1,comprehensible,headword,이해할 수 있는,이해할 수 있는
intermediate,62,접사에 따라 뜻이 달라지는 혼동 어휘 2,2,comprehensive,headword,"포괄적인, 광범위한","포괄적인, 광범위한"
intermediate,62,접사에 따라 뜻이 달라지는 혼동 어휘 2,3,confident,headword,"확신하고 있는; 자신만만한, 자신이 있는","확신하고 있는; 자신만만한, 자신이 있는"
intermediate,62,접사에 따라 뜻이 달라지는 혼동 어휘 2,4,confidential,headword,"비밀의, 기밀의","비밀의, 기밀의"
intermediate,62,접사에 따라 뜻이 달라지는 혼동 어휘 2,5,desirable,headword,"바람직한, 가치 있는, 얻고 싶은","바람직한, 가치 있는, 얻고 싶은"
intermediate,62,접사에 따라 뜻이 달라지는 혼동 어휘 2,6,desirous,headword,"원하는, 바라는","원하는, 바라는"
intermediate,62,접사에 따라 뜻이 달라지는 혼동 어휘 2,7,beneficial,headword,"유익한, 유리한","유익한, 유리한"
intermediate,62,접사에 따라 뜻이 달라지는 혼동 어휘 2,8,beneficent,headword,"인정 많은, 선을 베푸는","인정 많은, 선을 베푸는"
intermediate,62,접사에 따라 뜻이 달라지는 혼동 어휘 2,9,literary,headword,"문학의, 문예의","문학의, 문예의"
intermediate,62,접사에 따라 뜻이 달라지는 혼동 어휘 2,10,literal,headword,글자 그대로의; 원문에 충실한,(의미 등이) 글자 그대로의; (번역 등이) 원문에 충실한
intermediate,62,접사에 따라 뜻이 달라지는 혼동 어휘 2,11,literate,headword,읽고 쓸 줄 아는,읽고 쓸 줄 아는
intermediate,62,접사에 따라 뜻이 달라지는 혼동 어휘 2,12,sensitive,headword,"섬세한; 민감한, 예민한","섬세한; 민감한, 예민한"
intermediate,62,접사에 따라 뜻이 달라지는 혼동 어휘 2,13,sensible,headword,"분별 있는, 현명한","분별[지각] 있는, 현명한"
intermediate,62,접사에 따라 뜻이 달라지는 혼동 어휘 2,14,social,headword,"사회의, 사회적인","사회의, 사회적인"
intermediate,62,접사에 따라 뜻이 달라지는 혼동 어휘 2,15,sociable,headword,"사교적인, 붙임성 있는","사교적인, 붙임성 있는"
intermediate,62,접사에 따라 뜻이 달라지는 혼동 어휘 2,16,memorable,headword,기억할 만한,기억[주목]할 만한
intermediate,62,접사에 따라 뜻이 달라지는 혼동 어휘 2,17,memorial,headword,"기념물, 기념관; 기념의","기념물, 기념관[비]; 기념[추도]의"
intermediate,62,접사에 따라 뜻이 달라지는 혼동 어휘 2,18,practicable,headword,실행 가능한,실행 가능한
intermediate,62,접사에 따라 뜻이 달라지는 혼동 어휘 2,19,practical,headword,현실적인; 실용적인,현실적인; 실용적인
intermediate,62,접사에 따라 뜻이 달라지는 혼동 어휘 2,20,intelligent,headword,"영리한, 총명한","(사람, 동물의 머리가) 영리한, 총명한"
intermediate,62,접사에 따라 뜻이 달라지는 혼동 어휘 2,21,intellectual,headword,"지적인, 지성의","지적인, 지성의"
intermediate,62,접사에 따라 뜻이 달라지는 혼동 어휘 2,22,intelligible,headword,"이해할 수 있는, 명료한","이해할 수 있는, 명료한"
intermediate,63,접사에 따라 뜻이 달라지는 혼동 어휘 3,1,personal,headword,"개인적인, 사적인","개인적인, 사적인"
intermediate,63,접사에 따라 뜻이 달라지는 혼동 어휘 3,2,personnel,headword,"인사의, 직원의; 전 직원","인사의, 직원의; (조직의) 전 직원"
intermediate,63,접사에 따라 뜻이 달라지는 혼동 어휘 3,3,alive,headword,살아 있는,살아 있는
intermediate,63,접사에 따라 뜻이 달라지는 혼동 어휘 3,4,live,headword,살아 있는; 생방송의,살아 있는; 생방송[생중계]의
intermediate,63,접사에 따라 뜻이 달라지는 혼동 어휘 3,5,lively,headword,"활기찬, 생기 있는","활기찬, 생기 있는"
intermediate,63,접사에 따라 뜻이 달라지는 혼동 어휘 3,6,valuable,headword,"가치 있는, 값비싼; 소중한, 귀중한","가치 있는, 값비싼; 소중한, 귀중한"
intermediate,63,접사에 따라 뜻이 달라지는 혼동 어휘 3,7,invaluable,headword,귀중한,(가치를 매길 수 없을 정도로) 귀중한
intermediate,63,접사에 따라 뜻이 달라지는 혼동 어휘 3,8,subject,headword,"영향받기 쉬운; 지배를 받는; 받아야 하는; 주제; 학과, 과목; 피실험자, 대상; 국민","(...에) 영향받기 쉬운; (...의) 지배를 받는; (승인 등을) 받아야 하는; 주제; 학과, 과목; 피실험자, 대상; 국민"
intermediate,63,접사에 따라 뜻이 달라지는 혼동 어휘 3,9,subjective,headword,주관적인,주관적인
intermediate,63,접사에 따라 뜻이 달라지는 혼동 어휘 3,10,alternate,headword,"번갈아 하는; 격일의, 하나 거르는; 대안의, 대체할 수 있는","번갈아 하는; 격일[주]의, 하나 거르는; 대안의, 대체할 수 있는"
intermediate,63,접사에 따라 뜻이 달라지는 혼동 어휘 3,11,alternative,headword,"대안의, 대체할 수 있는; 대안, 대체","대안의, 대체할 수 있는; 대안, 대체(물)"
intermediate,63,접사에 따라 뜻이 달라지는 혼동 어휘 3,12,cloth,headword,"옷감, 천","옷감, 천"
intermediate,63,접사에 따라 뜻이 달라지는 혼동 어휘 3,13,clothes,headword,"옷, 의복","옷, 의복"
intermediate,63,접사에 따라 뜻이 달라지는 혼동 어휘 3,14,clothing,headword,"옷, 의류","옷, 의류"
intermediate,63,접사에 따라 뜻이 달라지는 혼동 어휘 3,15,wake,headword,잠에서 깨다; 깨우다,잠에서 깨다; 깨우다
intermediate,63,접사에 따라 뜻이 달라지는 혼동 어휘 3,16,awake,headword,깨어 있는; 잠에서 깨다; 깨우다,깨어 있는; 잠에서 깨다; 깨우다
intermediate,63,접사에 따라 뜻이 달라지는 혼동 어휘 3,17,object,headword,"물체, 사물; 목적, 목표; 대상; 반대하다, 반박하다","물체, 사물; 목적, 목표; 대상; 반대하다, 반박하다"
intermediate,63,접사에 따라 뜻이 달라지는 혼동 어휘 3,18,objective,headword,"목적, 목표; 객관적인","목적, 목표; 객관적인"
intermediate,64,"-ly, -s가 붙어 뜻이 달라지는 혼동 어휘",1,high,headword,높은; 높이,높은; 높이
intermediate,64,"-ly, -s가 붙어 뜻이 달라지는 혼동 어휘",2,highly,headword,"매우, 대단히","매우, 대단히"
intermediate,64,"-ly, -s가 붙어 뜻이 달라지는 혼동 어휘",3,close,headword,가까운; 친밀한; 가까이; 닫다,(거리상) 가까운; 친밀한; 가까이; 닫다
intermediate,64,"-ly, -s가 붙어 뜻이 달라지는 혼동 어휘",4,closely,headword,"밀접하게; 엄중히, 면밀히","밀접하게; 엄중히, 면밀히"
intermediate,64,"-ly, -s가 붙어 뜻이 달라지는 혼동 어휘",5,bad,headword,"나쁜, 좋지 않은","나쁜, 좋지 않은"
intermediate,64,"-ly, -s가 붙어 뜻이 달라지는 혼동 어휘",6,badly,headword,"나쁘게, 서투르게; 몹시, 심하게","나쁘게, 서투르게; 몹시, 심하게"
intermediate,64,"-ly, -s가 붙어 뜻이 달라지는 혼동 어휘",7,near,headword,가까운; 가까이,가까운; 가까이
intermediate,64,"-ly, -s가 붙어 뜻이 달라지는 혼동 어휘",8,nearly,headword,"거의, 가까스로, 하마터면","거의, 가까스로, 하마터면"
intermediate,64,"-ly, -s가 붙어 뜻이 달라지는 혼동 어휘",9,hard,headword,단단한; 어려운; 열심히,단단한; 어려운; 열심히
intermediate,64,"-ly, -s가 붙어 뜻이 달라지는 혼동 어휘",10,hardly,headword,거의 …않다,거의 …않다
intermediate,64,"-ly, -s가 붙어 뜻이 달라지는 혼동 어휘",11,late,headword,늦은; 늦게,늦은; 늦게
intermediate,64,"-ly, -s가 붙어 뜻이 달라지는 혼동 어휘",12,lately,headword,"최근에, 요즘","최근에, 요즘"
intermediate,64,"-ly, -s가 붙어 뜻이 달라지는 혼동 어휘",13,custom,headword,"관습, 풍습","관습, 풍습"
intermediate,64,"-ly, -s가 붙어 뜻이 달라지는 혼동 어휘",14,customs,headword,세관,세관
intermediate,64,"-ly, -s가 붙어 뜻이 달라지는 혼동 어휘",15,manner,headword,"방법, 방식; 태도","방법, 방식; 태도"
intermediate,64,"-ly, -s가 붙어 뜻이 달라지는 혼동 어휘",16,manners,headword,"예절, 예의범절","예절, 예의범절"
intermediate,64,"-ly, -s가 붙어 뜻이 달라지는 혼동 어휘",17,arm,headword,팔,팔
intermediate,64,"-ly, -s가 붙어 뜻이 달라지는 혼동 어휘",18,arms,headword,무기,무기
intermediate,64,"-ly, -s가 붙어 뜻이 달라지는 혼동 어휘",19,mean,headword,"의미하다; 의도하다; 비열한, 못된, 심술궂은","의미하다; 의도하다; 비열한, 못된, 심술궂은"
intermediate,64,"-ly, -s가 붙어 뜻이 달라지는 혼동 어휘",20,means,headword,수단,수단
intermediate,64,"-ly, -s가 붙어 뜻이 달라지는 혼동 어휘",21,beside,headword,… 옆에,… 옆에
intermediate,64,"-ly, -s가 붙어 뜻이 달라지는 혼동 어휘",22,besides,headword,… 이외에도; …을 제외하고; 게다가,… 이외에도; …을 제외하고; 게다가
intermediate,64,"-ly, -s가 붙어 뜻이 달라지는 혼동 어휘",23,sometime,headword,언젠가,(과거 또는 미래의) 언젠가
intermediate,64,"-ly, -s가 붙어 뜻이 달라지는 혼동 어휘",24,sometimes,headword,"이따금, 종종","이따금, 종종"
intermediate,65,철자가 비슷한 혼동 어휘 1,1,adapt,headword,"적응시키다, 적합하게 하다; 적응하다; 각색하다, 개작하다","적응시키다, 적합하게 하다; 적응하다; 각색하다, 개작하다"
intermediate,65,철자가 비슷한 혼동 어휘 1,2,adopt,headword,"입양하다, 양자로 삼다; 채택하다, 취하다","입양하다, 양자로 삼다; (의견, 방법, 계획 등을) 채택하다, 취하다"
intermediate,65,철자가 비슷한 혼동 어휘 1,3,expand,headword,"커지다, 팽창하다; 넓히다, 확대시키다","커지다, 팽창하다; 넓히다, 확대[팽창]시키다"
intermediate,65,철자가 비슷한 혼동 어휘 1,4,expend,headword,"쓰다, 들이다","(돈, 시간, 노력 등을) 쓰다, 들이다"
intermediate,65,철자가 비슷한 혼동 어휘 1,5,confirm,headword,"확인하다, 확정하다; 보여주다, 확인해주다; 인정하다","(예약, 약속 등을) 확인하다, 확정하다; (…이 사실임을) 보여주다, 확인해주다; (…이 맞다고) 인정하다"
intermediate,65,철자가 비슷한 혼동 어휘 1,6,conform,headword,"순응하다, 따르다","(관습, 법, 규칙 등에) 순응하다, 따르다"
intermediate,65,철자가 비슷한 혼동 어휘 1,7,command,headword,명령; 지휘,명령[지시](하다); 지휘[통제](하다)
intermediate,65,철자가 비슷한 혼동 어휘 1,8,commend,headword,칭찬하다,칭찬하다
intermediate,65,철자가 비슷한 혼동 어휘 1,9,acquire,headword,"획득하다, 얻다; 배우다, 얻다, 습득하다","획득하다, 얻다; (지식, 기술 등을) 배우다, 얻다, 습득하다"
intermediate,65,철자가 비슷한 혼동 어휘 1,10,inquire,headword,"묻다, 질문하다; 조사하다","묻다, 질문하다; 조사하다"
intermediate,65,철자가 비슷한 혼동 어휘 1,11,require,headword,"필요로 하다; 요구하다, 규정하다","필요로 하다; (법, 규칙 등이) 요구하다, 규정하다"
intermediate,65,철자가 비슷한 혼동 어휘 1,12,lie,headword,"눕다, 있다; 거짓말하다","눕다, 있다; 거짓말하다"
intermediate,65,철자가 비슷한 혼동 어휘 1,13,lay,headword,"…을 눕히다, …을 놓다","…을 눕히다, …을 놓다"
intermediate,65,철자가 비슷한 혼동 어휘 1,14,wonder,headword,"…이 궁금하다; 놀라움, 경이","…이 궁금하다; 놀라움, 경이"
intermediate,65,철자가 비슷한 혼동 어휘 1,15,wander,headword,"방랑하다, 돌아다니다","방랑하다, (떠)돌아다니다"
intermediate,65,철자가 비슷한 혼동 어휘 1,16,access,headword,"접근, 이용; 입수하다, 접근하다, 들어가다","(장소, 정보 등에의) 접근(성), 이용(성); (정보 등을) 입수하다, (정보에) 접근하다, (장소에) 들어가다"
intermediate,65,철자가 비슷한 혼동 어휘 1,17,assess,headword,"평가하다; 매기다, 사정하다","평가하다; (세금, 요금 등을) 매기다, 사정하다"
intermediate,65,철자가 비슷한 혼동 어휘 1,18,compliment,headword,"칭찬, 찬사; 인사말; 칭찬하다","칭찬, 찬사; 인사말; 칭찬[찬양]하다"
intermediate,65,철자가 비슷한 혼동 어휘 1,19,complement,headword,"보충물, 보완하는 것; 보완하다, 보충하다","보충물, 보완하는 것; 보완하다, 보충하다"
intermediate,65,철자가 비슷한 혼동 어휘 1,20,attribute,headword,"…의 탓으로 돌리다; 속성, 특성","…의 탓[덕]으로 돌리다; 속성, 특성"
intermediate,65,철자가 비슷한 혼동 어휘 1,21,contribute,headword,"기부하다; …에 기여하다, 공헌하다; 기고하다","기부[기증]하다; …에 기여하다, 공헌하다; (신문, 잡지 등에) 기고하다"
intermediate,65,철자가 비슷한 혼동 어휘 1,22,distribute,headword,"분배하다, 배급하다, 배포하다","분배하다, 배급하다, 배포하다"
intermediate,66,철자가 비슷한 혼동 어휘 2,1,find,headword,"찾다, 발견하다","찾다, 발견하다"
intermediate,66,철자가 비슷한 혼동 어휘 2,2,found,headword,설립하다; …에 기초를 두다,설립하다; …에 기초[근거]를 두다
intermediate,66,철자가 비슷한 혼동 어휘 2,3,royal,headword,"왕의, 왕실의; 왕립의","왕의, 왕실의; 왕립의"
intermediate,66,철자가 비슷한 혼동 어휘 2,4,loyal,headword,"충성스러운, 충실한","충성스러운, 충실한"
intermediate,66,철자가 비슷한 혼동 어휘 2,5,aboard,headword,탑승하여; 안에서,"(배, 열차, 항공기 등에) 탑승[승선]하여; (배, 열차, 항공기 등의) 안에서[으로]"
intermediate,66,철자가 비슷한 혼동 어휘 2,6,abroad,headword,"외국에, 해외로; 널리 퍼져","외국에, 해외로; (소문 등이) 널리 퍼져"
intermediate,66,철자가 비슷한 혼동 어휘 2,7,vacation,headword,방학,방학
intermediate,66,철자가 비슷한 혼동 어휘 2,8,vocation,headword,"천직, 직업; 소명, 사명감","천직, 직업; 소명, 사명감"
intermediate,66,철자가 비슷한 혼동 어휘 2,9,fall,headword,떨어지다; 넘어지다; 되다,떨어지다; 넘어지다; (특정한 상태가) 되다
intermediate,66,철자가 비슷한 혼동 어휘 2,10,fell,headword,…을 쓰러뜨리다; 나무를 베다,…을 쓰러뜨리다; 나무를 베다
intermediate,66,철자가 비슷한 혼동 어휘 2,11,mediate,headword,"조정하다, 중재하다, 화해시키다","조정하다, 중재하다, 화해시키다"
intermediate,66,철자가 비슷한 혼동 어휘 2,12,meditate,headword,"명상하다; …을 꾀하다, 계획하다","명상하다; …을 꾀하다, 계획하다"
intermediate,66,철자가 비슷한 혼동 어휘 2,13,bold,headword,"대단한, 용감한","대단한, 용감한"
intermediate,66,철자가 비슷한 혼동 어휘 2,14,bald,headword,대머리의,대머리의
intermediate,66,철자가 비슷한 혼동 어휘 2,15,jealous,headword,질투하는,질투하는
intermediate,66,철자가 비슷한 혼동 어휘 2,16,zealous,headword,"열심인, 열성적인","열심인, 열성적인"
intermediate,66,철자가 비슷한 혼동 어휘 2,17,spontaneously,headword,자발적으로; 즉흥적으로,자발적으로; 즉흥적으로
intermediate,66,철자가 비슷한 혼동 어휘 2,18,simultaneously,headword,"동시에, 일제히","동시에, 일제히"
intermediate,66,철자가 비슷한 혼동 어휘 2,19,quite,headword,"아주, 완전히","아주, 완전히"
intermediate,66,철자가 비슷한 혼동 어휘 2,20,quiet,headword,"조용한, 고요한","조용한, 고요한"
intermediate,66,철자가 비슷한 혼동 어휘 2,21,quit,headword,"그만두다, 중지하다","그만두다, 중지하다"
intermediate,67,철자가 비슷한 혼동 어휘 3,1,affect,headword,"영향을 미치다; …인 체하다, 가장하다","영향을 미치다; …인 체하다, 가장하다"
intermediate,67,철자가 비슷한 혼동 어휘 3,2,effect,headword,"효과, 영향; 결과","효과, 영향; 결과"
intermediate,67,철자가 비슷한 혼동 어휘 3,3,principal,headword,"주요한, 으뜸가는; 교장, 학장","주요한, 으뜸가는; 교장, 학장"
intermediate,67,철자가 비슷한 혼동 어휘 3,4,principle,headword,"원리, 원칙; 신념, 주의; 방침","원리, 원칙; 신념, 주의; 방침"
intermediate,67,철자가 비슷한 혼동 어휘 3,5,lose,headword,잃다,잃다
intermediate,67,철자가 비슷한 혼동 어휘 3,6,loose,headword,"느슨한, 풀린","느슨한, 풀린"
intermediate,67,철자가 비슷한 혼동 어휘 3,7,genuine,headword,"진짜의, 진품의; 진실된, 진정한","진짜의, 진품의; 진실된, 진정한"
intermediate,67,철자가 비슷한 혼동 어휘 3,8,genius,headword,천재,천재(적 재능)
intermediate,67,철자가 비슷한 혼동 어휘 3,9,sew,headword,"꿰매다, 바느질하다","꿰매다, 바느질하다"
intermediate,67,철자가 비슷한 혼동 어휘 3,10,sow,headword,씨를 뿌리다,씨를 뿌리다
intermediate,67,철자가 비슷한 혼동 어휘 3,11,saw,headword,톱,톱
intermediate,67,철자가 비슷한 혼동 어휘 3,12,fragment,headword,"파편, 조각","파편, 조각"
intermediate,67,철자가 비슷한 혼동 어휘 3,13,fragrant,headword,"향기로운, 향긋한","향기로운, 향긋한"
intermediate,67,철자가 비슷한 혼동 어휘 3,14,elect,headword,"선거하다, 선출하다","선거하다, 선출하다"
intermediate,67,철자가 비슷한 혼동 어휘 3,15,erect,headword,"똑바로 선; 세우다, 짓다","똑바로 선; (똑바로) 세우다, (건물 등을) 짓다"
intermediate,67,철자가 비슷한 혼동 어휘 3,16,conscience,headword,"양심, 도덕심","양심, 도덕심"
intermediate,67,철자가 비슷한 혼동 어휘 3,17,conscious,headword,"…을 의식하고 있는, 알고 있는; 의식이 있는, 깨어 있는; 의식적인","…을 의식[자각]하고 있는, 알고 있는; 의식이 있는, 깨어 있는; (생각, 노력 등이) 의식[의도]적인"
intermediate,67,철자가 비슷한 혼동 어휘 3,18,conscientious,headword,"양심적인, 성실한","양심적인, 성실한"
intermediate,67,철자가 비슷한 혼동 어휘 3,19,consciousness,headword,"의식, 자각; 알고 있음, 인식","의식, 자각; 알고 있음, (정치, 사회적) 인식"
intermediate,67,철자가 비슷한 혼동 어휘 3,20,row,headword,"줄, 열; 배를 젓다","줄, 열; 배를 젓다"
intermediate,67,철자가 비슷한 혼동 어휘 3,21,raw,headword,날것의; 가공하지 않은,날것의; 가공하지 않은
